seller_id,total_items_sold,total_orders,total_sales,average_order_value,items_per_order
0015a82c2db000af6aaaf3ae2ecb0532,3,3,2685.0,895.0,1.0
001cca7ae9ae17fb1caed9dfb1094831,239,200,25080.03,125.40015,1.195
001e6ad469a905060d959994f1b41e4f,1,1,250.0,250.0,1.0
002100f778ceb8431b7a1020ff7ab48f,55,51,1234.5,24.205882352941178,1.0784313725490196
003554e2dce176b5555353e4f3555ac8,1,1,120.0,120.0,1.0
004c9cd9d87a3c30c522c48c4fc07416,170,158,19712.71,124.76398734177215,1.0759493670886076
00720abe85ba0859807595bbf045a33b,26,13,1007.5,77.5,2.0
00ab3eff1b5192e5f1a63bcecfee11c8,1,1,98.0,98.0,1.0
00d8b143d12632bad99c0ad66ad52825,1,1,86.0,86.0,1.0
00ee68308b45bc5e2660cd833c3f81cc,172,135,20260.0,150.07407407407408,1.2740740740740741
00fc707aaaad2d31347cf883cd2dfe10,135,103,12684.9,123.15436893203884,1.3106796116504855
010543a62bd80aa422851e79a3bc7540,2,2,1416.0,708.0,1.0
010da0602d7774602cd1b3f5fb7b709e,5,1,849.5,849.5,5.0
011b0eaba87386a2ae96a7d32bb531d1,2,1,99.98,99.98,2.0
01266d4c46afa519678d16a8b683d325,3,3,90.25,30.083333333333332,1.0
013900e863eace745d3ec7614cab5b1a,26,23,1619.7,70.42173913043479,1.1304347826086956
014c0679dd340a0e338872e7ec85666a,15,14,7058.0,504.14285714285717,1.0714285714285714
014d9a685fd57276679edd00e07089e5,12,11,729.88,66.35272727272728,1.0909090909090908
0176f73cc1195f367f7b32db1e5b3aa8,39,38,4733.1,124.55526315789474,1.0263157894736843
01bcc9d254a0143f0ce9791b960b2a47,11,11,1521.21,138.29181818181817,1.0
01c97ebb5cdac52891c0ed1c37ba0012,12,9,577.5,64.16666666666667,1.3333333333333333
01cf7e3d21494c41fb86034f2e714fa1,67,61,9729.36,159.4977049180328,1.098360655737705
01ed254b9ff8407dfb9d99ba1e17d923,5,5,1465.99,293.198,1.0
01fd077212124329bac32490e8ef80d9,39,31,1208.0,38.96774193548387,1.2580645161290323
01fdefa7697d26ad920e9e0346d4bd1b,131,129,14921.43,115.67,1.0155038759689923
0241d4d5d36f10f80c644447315af0bd,246,238,31397.7,131.9231092436975,1.0336134453781514
0249d282d911d23cb8b869ab49c99f53,11,11,393.0,35.72727272727273,1.0
024b564ae893ce8e9bfa02c10a401ece,8,2,706.4000000000001,353.20000000000005,4.0
028872bfa080090a9d0abd4f1af168f8,3,1,70.5,70.5,3.0
02a2272692e13558373c66db98f05e2e,2,2,54.98,27.49,1.0
02b72cdeb9cfcc429f1af6f4e3f3b737,4,4,522.65,130.6625,1.0
02c988090b766852e088c69d7fb3b551,17,13,1618.65,124.51153846153846,1.3076923076923077
02d35243ea2e497335cd0f076b45675d,16,14,5794.0,413.85714285714283,1.1428571428571428
02dcd3e8e25bee036e32512bcf175493,17,14,1491.9,106.56428571428572,1.2142857142857142
02ecc2a19303f05e59ce133fd923fff7,24,21,5264.19,250.67571428571426,1.1428571428571428
02f5837340d7eb4f653d676c7256523a,30,30,3883.05,129.435,1.0
02f623a8eb246f3c5f7c2f96462654e6,44,44,6378.0,144.95454545454547,1.0
0307f7565ff85b299b6e5ef162b1b1a9,7,7,4728.8,675.5428571428572,1.0
0336182e1b3e92f029d5354832045fdf,2,1,29.8,29.8,2.0
034b9387752bfa309f350a70cd45ffa3,8,8,96.0,12.0,1.0
038b75b729c8a9a04b0d07cba7eabe86,2,2,467.0,233.5,1.0
039b29ff3b3473435d0cd59040575de9,9,9,114.9,12.766666666666667,1.0
039e6ad9dae79614493083e241147386,5,5,12925.0,2585.0,1.0
03a2a6dcbe45d639c4dc2a0d24769c40,9,9,1078.41,119.82333333333334,1.0
03bd479e1d9484cdb14104d3023f7321,3,3,359.70000000000005,119.90000000000002,1.0
0417b067eeab773d2f7061a726dc477f,13,13,1859.18,143.01384615384615,1.0
042573af89b6d931f672efaf789d8358,3,3,413.48,137.82666666666668,1.0
04308b1ee57b6625f47df1d56f00eedf,94,94,60130.6,639.6872340425532,1.0
0432ead42b6c8a0bdf68154add917fdf,90,85,7792.1,91.67176470588235,1.0588235294117647
044668ccd5316b12a7cf0d54a156e3e9,4,3,137.8,45.93333333333334,1.3333333333333333
04843805947f0fc584fc1969b6e50fe7,2,1,1400.0,1400.0,2.0
048c2757535328e0d7dac690ad3c0aae,51,51,9264.78,181.6623529411765,1.0
04aa0a1c5ce6b222003403a3e11c3cc0,17,11,5518.0,501.6363636363636,1.5454545454545454
04aba03279157f6d4e0fe8ccaf21963c,16,16,2575.9,160.99375,1.0
04e38a233f726ef161074ab1c9b0399a,28,23,1352.2,58.79130434782609,1.2173913043478262
04ee0ec01589969663ba5967c0e0bdc0,1,1,289.49,289.49,1.0
04fdea0c111866e6cf812f1570d6b5bd,10,10,1055.0,105.5,1.0
0509040ea3fe50071181bbc359eb7738,98,89,3737.95,41.99943820224719,1.101123595505618
052577151711aec5c744fe12e66db3e1,4,4,2748.0,687.0,1.0
054694fa03fe82cec4b7551487331d74,22,21,9983.1,475.3857142857143,1.0476190476190477
056b4ada5bbc2c50cc7842547dda6b51,66,65,12333.390000000001,189.74446153846156,1.0153846153846153
0570350b23eda5444f8d1d9544932058,11,6,626.9,104.48333333333333,1.8333333333333333
05730013efda596306417c3b09302475,4,4,952.0,238.0,1.0
058cb5aeb36d7c0fcae20fc85d5e0a59,13,12,1328.0,110.66666666666667,1.0833333333333333
058fd0aa2bfdb2274e05e1ae971dabb6,64,61,7667.9,125.70327868852459,1.0491803278688525
05a48cc8859962767935ab9087417fbb,1,1,42.9,42.9,1.0
05a940b4ecae36cadfd8e93bd9c43257,10,10,952.0,95.2,1.0
05aebce0b5c8f0d41b29b686f2d05fd3,2,2,74.99000000000001,37.495000000000005,1.0
05ca864204d09595ae591b93ea9cf93d,1,1,179.9,179.9,1.0
05d2173d43ea568aa0540eba70d2ca76,66,62,5759.66,92.89774193548386,1.064516129032258
05e107217c7266362fd44b75b2cd4cc4,8,5,193.38,38.676,1.6
05f51e13da97139648b8125c31e5f51b,63,60,13769.01,229.4835,1.05
05feb94f19d094d4b0f9281f0b1d4c99,6,6,9353.0,1558.8333333333333,1.0
05ff92fedb5be47920fea08e501238b9,62,59,21992.78,372.75898305084746,1.0508474576271187
062c325cd6a2b87845fab56b4ec2eeae,2,2,133.22,66.61,1.0
062ce95fa2ad4dfaedfc79260130565f,60,55,7521.0,136.74545454545455,1.0909090909090908
06532f10282704ef4c69168b914b77be,9,8,10220.5,1277.5625,1.125
06579cb253ecd5a3a12a9e6eb6bf8f47,72,62,4727.2,76.24516129032257,1.1612903225806452
066a6914e1ebf3ea95a216c73a986b91,74,68,9410.380000000001,138.3879411764706,1.088235294117647
0691148aee60ca47977c187804f935ae,53,47,5868.51,124.86191489361703,1.127659574468085
0692610d8abe24f287e9fae90ea0bbee,4,4,173.99,43.4975,1.0
06a2c3af7b3aee5d69171b0e14f0ee87,405,392,36408.95,92.87997448979591,1.0331632653061225
06bb3a2fe5e7b7a845b13e8fb91bd944,18,17,1536.19,90.36411764705883,1.0588235294117647
06df0c10d34e459d9672bc77388742eb,30,26,9070.0,348.84615384615387,1.1538461538461537
06e5eefc71ec47ae763c5c6f8db7064f,95,92,22188.56,241.18,1.0326086956521738
07017df32dc5f2f1d2801e579548d620,9,8,946.49,118.31125,1.125
070d165398b553f3b4b851c216b8a358,39,32,3393.16,106.03625,1.21875
0725b8c0f3f906e58f70cbe76b7c748c,37,17,2190.3,128.84117647058824,2.176470588235294
0743a0239d764b9a0f959a57d07e36ab,4,4,336.96,84.24,1.0
0747d5bb69f0586cc869d8af4c50f93e,15,14,346.59999999999997,24.757142857142856,1.0714285714285714
0761743cbffb25d7148189e9f1a5f03a,7,3,241.2,80.39999999999999,2.3333333333333335
077c5fae4bea9500e3737b16f71b9d3a,6,4,106.80000000000001,26.700000000000003,1.5
0791d9fc1e30678ecf03d3e55fa108d3,11,5,842.0,168.4,2.2
079d295dcbf06ee8bb1b65ba964eb2b6,10,5,349.3,69.86,2.0
07a9bc7f61396b658ddf3ac534efe44c,1,1,119.9,119.9,1.0
07bf9669d84d1f11be443a9dd938f698,24,18,1776.0,98.66666666666667,1.3333333333333333
07d75e33f2750d97d467fb57e4dfdd8a,2,2,722.4,361.2,1.0
07de60b03d150fb3ea09eab5da5e4c8b,9,9,719.1,79.9,1.0
07e8e8fc5222bb358e6f259da3197074,2,2,51.8,25.9,1.0
080102cd0a76b09e0dcf55fcacc60e05,130,124,5716.78,46.10306451612903,1.0483870967741935
080199a181c46c657dc5aa235411be3b,83,79,14504.2,183.5974683544304,1.0506329113924051
08061dc0fc165ed41288cc7acde738ee,4,4,123.80000000000001,30.950000000000003,1.0
08084d990eb3f53af056ccbc1730c8a7,12,12,372.5,31.041666666666668,1.0
081acf3de680d554796c9cf041be7bc2,8,4,1597.3,399.325,2.0
082e0bf4cb865a6533b1e8e498cc0255,23,11,2073.3,188.4818181818182,2.090909090909091
085f6f7e049c996695fb2074fe38d45e,8,6,305.4,50.9,1.3333333333333333
08633c14ef2db992c11f840f04fad4cd,97,74,7644.3,103.30135135135136,1.3108108108108107
0873d9f8f36123f8d910f4760e788cfb,6,6,7265.59,1210.9316666666666,1.0
0885aaf116795758dfeb5f1032487bcd,30,28,2648.0,94.57142857142857,1.0714285714285714
0887a9f087bcd5d9f6642b52f897fc6c,12,12,1642.0,136.83333333333334,1.0
08ad4ac1388e4420ca531c3edfc46198,7,6,221.61999999999998,36.93666666666666,1.1666666666666667
08cdbae123ff67ca4e36d9d641ce0119,6,4,3098.99,774.7475,1.5
08d0949a9a17c027262db1f3c450c26c,12,12,324.8,27.066666666666666,1.0
08d1c9478fb0d7d7fcac9c0da4e82fc7,1,1,538.0,538.0,1.0
08d2d642cf72b622b14dde1d2f5eb2f5,21,17,914.0,53.76470588235294,1.2352941176470589
08f5819815f3d06545011850bd70f0a8,3,3,452.0,150.66666666666666,1.0
091065b789659bc3cd9af9cb3a6253ff,2,2,1359.0,679.5,1.0
0936e1837d0c79253456bbb2ffaaef10,2,1,38.9,38.9,2.0
093805f8f2aeb63881444571e1f48f30,27,22,1215.79,55.26318181818181,1.2272727272727273
094ced053e257ae8cae57205592d6712,19,19,1519.2,79.9578947368421,1.0
0951a6e282947e09cd47969f4ed0b47f,7,7,492.3,70.32857142857144,1.0
09883d9ab71c8fe8a9bfc7fc3075b07e,5,5,329.5,65.9,1.0
099095b050cfe8eb1ddff5317587e96e,20,17,5193.83,305.51941176470586,1.1764705882352942
09bad886111255c5b5030314fc7f1a4a,5,5,487.5,97.5,1.0
09f952a5f58d2285b0372551ae8f9b01,56,50,11821.5,236.43,1.12
0a198e95d32b1be2da9424c962a6ebfa,1,1,69.99,69.99,1.0
0a82f5fb06a4fe4ac2cf7cb412ec71b8,2,2,462.0,231.0,1.0
0a85ebe4e328db81ac9109781205e2f7,12,12,667.9,55.65833333333333,1.0
0aa124728afc1131dff5655f4c6f487b,2,2,850.92,425.46,1.0
0aa2205ca24f113f4658a5c536667426,11,4,815.62,203.905,2.75
0ac4201fda2c68ebc0e47cb9423cf3c9,14,13,1676.88,128.99076923076925,1.0769230769230769
0ad80de75c811326389cfb1daba7d45e,6,6,1449.3999999999999,241.56666666666663,1.0
0adac9fbd9a2b63cccaac4f8756c1ca8,142,110,15960.95,145.09954545454545,1.290909090909091
0ade5cc4a305ed7093a23f68ca47519c,2,2,158.88,79.44,1.0
0aea4c6ae1505b3228ddf3dd7822ee5b,8,8,1427.91,178.48875,1.0
0af2ab31141893d26aca5a404a537dab,1,1,59.0,59.0,1.0
0af977692321d895349eded183341d28,2,2,257.75,128.875,1.0
0afccdb8a34ee5c79f7c06faf2b4d56e,25,25,1225.5,49.02,1.0
0b09101900100c0e9d312861fad5a1b9,1,1,153.75,153.75,1.0
0b0ddbc7b9d9584f442c7ac92b0ff6c9,3,3,1416.76,472.25333333333333,1.0
0b18d63d0cd1d723567903fd34a07df2,14,9,1678.1399999999999,186.45999999999998,1.5555555555555556
0b1ca3ef18a63d7eb0c8897fa0849c08,1,1,55.0,55.0,1.0
0b35c634521043bf4b47e21547b99ab5,78,51,13533.65,265.3656862745098,1.5294117647058822
0b36063d5818f81ccb94b54adfaebbf5,15,1,765.0,765.0,15.0
0b3f27369a4d8df98f7eb91077e438ac,2,2,146.51,73.255,1.0
0b46f784306be7200ca1700aa55d819f,1,1,19.9,19.9,1.0
0b64bcdb0784abc139af04077d49a20e,4,4,137.6,34.4,1.0
0b90b6df587eb83608a64ea8b390cf07,210,164,28592.32,174.34341463414634,1.2804878048780488
0bae85eb84b9fb3bd773911e89288d54,146,137,7482.21,54.614671532846714,1.0656934306569343
0bb27263628258b8111a0262769fa9db,1,1,22.2,22.2,1.0
0bb738e4d789e63e2267697c42d35a2d,31,30,2388.3,79.61,1.0333333333333334
0be8ff43f22e456b4e0371b2245e4d01,180,161,11805.5,73.32608695652173,1.1180124223602483
0bebbb2cea103a4a020c95d43fd7d754,9,9,1367.2,151.91111111111113,1.0
0bf0150d5b9d60d9cd2906003332f085,62,39,5774.6,148.06666666666666,1.5897435897435896
0bfd0b434243adc5c2e1aa6baf19c6aa,6,6,371.20000000000005,61.866666666666674,1.0
0c7533c71df861ec58ad7ff999ed0e8d,73,61,2989.2999999999997,49.00491803278688,1.1967213114754098
0c7f30ae9b147eca07affbef92832a6a,5,5,479.5,95.9,1.0
0c8380b62e38e8a1e6adbeba7eb9688c,220,182,17348.79,95.32302197802198,1.2087912087912087
0cab2da43793a6f3c5ed8514c5f54627,3,3,309.70000000000005,103.23333333333335,1.0
0cbcee27c791afa0cdcb08587a2013a8,41,39,5324.15,136.51666666666665,1.0512820512820513
0d33a55da925bbf1ff02af5f6059fc7f,24,22,547.3,24.877272727272725,1.0909090909090908
0d4c8269e7f0401201794deef160edd6,4,3,792.64,264.2133333333333,1.3333333333333333
0d83f8e03188682112cc0d93523705cc,8,4,696.26,174.065,2.0
0d85bbda9889ce1f7e63778d24f346eb,58,51,4845.2,95.00392156862745,1.1372549019607843
0daf5180aa44356f60f8effa533b55a2,2,2,144.8,72.4,1.0
0db783cfcd3b73998abc6e10e59a102f,137,132,9077.4,68.76818181818182,1.0378787878787878
0dd184061fb0eaa7ca37932c68ab91c5,193,161,18446.92,114.57714285714285,1.1987577639751552
0ddefe3c7a032b91f4e25b9c3a08fca1,10,9,402.9,44.766666666666666,1.1111111111111112
0df3984f9dfb3d49ac6366acbd3bbb85,89,87,10021.49,115.18954022988505,1.0229885057471264
0dfbed20065e425d2eaefb101f9816c0,3,3,84.35,28.116666666666664,1.0
0e44d110fa6a54e121cb2c095a77762f,6,6,223.32,37.22,1.0
0e72c1a751b496722a6cb1f10653b62a,3,3,140.8,46.93333333333334,1.0
0e982cff76cc0579f632cea8a0e38c9d,12,7,1307.34,186.76285714285714,1.7142857142857142
0ea22c1cfbdc755f86b9b54b39c16043,269,237,10711.7,45.197046413502115,1.1350210970464134
0eaa7e33d73809f1f925f7d07c506cbd,15,15,1552.0,103.46666666666667,1.0
0ebd97a106433a45a4aebe57c1799778,32,31,3046.8,98.28387096774195,1.032258064516129
0ec28cec4046a4a199b6de9b4c891d97,4,3,296.6,98.86666666666667,1.3333333333333333
0ed6ce5d87fd9c69eaacaeb778d67235,43,43,2141.42,49.80046511627907,1.0
0ee4fb99ac55ffbbc98795aa01b7f8fa,1,1,59.9,59.9,1.0
0ef83d7d83ed97cd2a0049ac8be5f88a,55,48,4421.01,92.104375,1.1458333333333333
0f0c984a4a955310903b6b6008660bad,4,4,369.81,92.4525,1.0
0f519b0d2e5eb2227c93dd25038bfc01,1,1,79.9,79.9,1.0
0f7eea709efdf942b5f95c7516dbacd7,3,3,195.74,65.24666666666667,1.0
0f80a40c312b2472dca482cf50f5186f,1,1,129.9,129.9,1.0
0f94588695d71662beec8d883ffacf09,1,1,9.0,9.0,1.0
0fe2d9733ed841eb064503920015a8c0,3,3,389.64,129.88,1.0
0ff83046c3fa22efee8ecf291888b191,11,10,768.9000000000001,76.89000000000001,1.1
0ffa40d54288e4f3499b8780dd0f144f,35,33,2162.8,65.53939393939395,1.0606060606060606
10076e5788b8ee532724bcd460baf762,26,23,821.48,35.716521739130435,1.1304347826086956
10089e9f2fd0c668a8fd4e52e1698888,3,3,1139.9,379.9666666666667,1.0
101921376b577a4540dc30e9009133ca,1,1,373.0,373.0,1.0
101a3a003516bc11253298b2fad3cb65,6,5,450.0,90.0,1.2
1025f0e2d44d7041d6cf58b6550e0bfa,1428,915,138968.55,151.87819672131147,1.560655737704918
10264f60a8f0a4d2f30810f5c661c673,4,4,284.6,71.15,1.0
1099a00e0ee3a50935e6c2447ca090c5,3,3,849.6999999999999,283.2333333333333,1.0
10cdd491d1dbea8fb4ead97b19c334ce,3,3,208.9,69.63333333333334,1.0
10ff823eda2b032e2c93d17a7d294736,9,9,1294.97,143.88555555555556,1.0
112453736dbe3889cfb74e1aaa0ba0c1,14,7,1890.0,270.0,2.0
1127b7f2594683f2510f1c2c834a486b,132,114,6851.33,60.09938596491228,1.1578947368421053
11305281b50fff20ae8bb473f8e11876,40,35,6528.7,186.53428571428572,1.1428571428571428
113e3a788b935f48aad63e1c41dac1bd,48,39,847.35,21.72692307692308,1.2307692307692308
116ccb1a1604bc88e4d234a8c23f33de,73,61,2004.89,32.86704918032787,1.1967213114754098
11742f81550ac064cc9a40f67151d9ad,2,2,781.9,390.95,1.0
117cfc326c6d50da67ca858ff5c0c852,5,5,454.6,90.92,1.0
11938fcc75f6902fea1d0a6f72b54a57,2,2,594.98,297.49,1.0
119c7f1a00ef43fad0e57604e76a747c,2,2,189.8,94.9,1.0
119d1aef1b4144adba89163f6cd9f5d4,4,4,1094.0,273.5,1.0
11bfa66332777660bd0640ee84d47006,102,76,3925.87,51.65618421052631,1.3421052631578947
11d4c477d09821164bca4f70a2eae031,4,3,83.04,27.680000000000003,1.3333333333333333
11eac105f3f90a9b87b19c89d91e24f3,5,5,802.89,160.578,1.0
11fb6f6d341adbe19e81733701704635,3,3,1197.0,399.0,1.0
120476eb7a04c149d14772edaf5d9bf2,6,4,2368.8,592.2,1.5
1284de4ae8aa26997e748c851557cf0e,3,3,1459.97,486.6566666666667,1.0
128639473a139ac0f3e5f5ade55873a5,560,533,11908.849999999999,22.343058161350843,1.050656660412758
128f9bfbe4c7d5185033914b1de3d39a,16,14,1277.29,91.235,1.1428571428571428
12a8eb0f8d1cd3270695bf2a99f55966,2,2,397.0,198.5,1.0
12b9676b00f60f3b700e83af21824c0e,135,135,26774.0,198.32592592592593,1.0
12c2ed9cded6138cf0c75f525f565fc7,4,4,314.96,78.74,1.0
13074f016982ff2bd6c58ced8682f000,15,14,2116.0,151.14285714285714,1.0714285714285714
131fcb0a0c9a47bba4474aacff0f14b7,4,4,369.8,92.45,1.0
1336efc61c316ddf92c899eb817f7cae,85,74,4837.31,65.36905405405406,1.1486486486486487
134285d1f41da5c13a756ee8142c8a4e,4,3,1572.6999999999998,524.2333333333332,1.3333333333333333
134a288e7de827ec5ec62e3ec9c3a295,9,9,877.45,97.49444444444445,1.0
134b867a0f7f8bbe6abf10f91874891e,1,1,789.89,789.89,1.0
13511db12ac61e2f89c53b72a944a60b,6,6,798.0,133.0,1.0
1352e06ae67b410cdae0b2a22361167b,4,4,696.0,174.0,1.0
1354d51653f645349064725ed204e85e,20,18,2410.0,133.88888888888889,1.1111111111111112
138dbe45fc62f1e244378131a6801526,58,49,1125.56,22.970612244897957,1.183673469387755
139157dd4daa45c25b0807ffff348363,1,1,29.9,29.9,1.0
13c2ed7698b3ca92dad49e849219da59,9,8,498.61,62.32625,1.125
13d058e4eeac2ce8217660b2f8a05812,23,23,3829.77,166.5117391304348,1.0
13d95f0f6f73943d4ceffad0fc2cd32c,1,1,249.99,249.99,1.0
13dd308f81fea30cc670c656b2b46cc3,3,3,117.69999999999999,39.23333333333333,1.0
13e85aac53340018b40c2af68001b7e0,1,1,17.8,17.8,1.0
13f57c12a00ed4610db646b913a7f5c6,13,7,645.2,92.17142857142858,1.8571428571428572
13fa2a6c6b9d0f43cb588d7c82117a12,10,9,4528.0,503.1111111111111,1.1111111111111112
141440cad9341e553f8401c574a2aa38,12,11,1288.2,117.10909090909091,1.0909090909090908
1430239a858e7682bbc43b20758af153,23,18,660.79,36.71055555555555,1.2777777777777777
1444c08e64d55fb3c25f0f09c07ffcf2,1,1,2749.0,2749.0,1.0
1464afc72f696af775557a821c2e253f,30,29,1059.36,36.52965517241379,1.0344827586206897
14a08204d03bb6b6bde8029f801ae0eb,38,28,2185.4,78.05,1.3571428571428572
14d7985702e72162bbf13b6beb74ab2b,38,37,3887.0,105.05405405405405,1.027027027027027
14ee35374a7876217954b5fa08e50463,6,6,809.0,134.83333333333334,1.0
14f2b3587172b9db894c9bad8dab520b,2,2,244.0,122.0,1.0
152ee17e4c8aaf53dac99f3462e4999b,6,6,308.96000000000004,51.49333333333334,1.0
154bdf805377afea75a3bd158e9eab10,1,1,89.9,89.9,1.0
1554a68530182680ad5c8b042c3ab563,269,247,29052.53,117.62157894736842,1.0890688259109311
157c3e4b42f81ac4a44e8b1ca2fe9876,31,23,2548.5,110.80434782608695,1.3478260869565217
1588ac4010787100dddef64568f0ae35,3,3,599.97,199.99,1.0
15aac934c58d886785ac1b17953ea898,26,25,4353.9,174.15599999999998,1.04
15ac3c501e2599e4917316fde5c5669a,1,1,144.2,144.2,1.0
15aec03fe4cf30dfa574cf550f5ff5ff,1,1,28.9,28.9,1.0
15b3b1b81484422eb41df68ac87f1f50,2,2,78.35,39.175,1.0
15cd6eefe58588619aaed41dfa6621b1,18,16,1622.74,101.42125,1.125
15ead3a5037a918ddb520dfe39a3d2b9,8,7,275.5,39.357142857142854,1.1428571428571428
15fa791d5e017f66402dc28c44480657,8,8,1802.0,225.25,1.0
160851d3ece7aa1a510f8d1a4bb8a8af,2,2,102.05,51.025,1.0
16090f2ca825584b5a147ab24aa30c86,410,402,25716.44,63.97124378109452,1.0199004975124377
160e4f13fd3a64b1b86807be88b5ffb0,4,4,886.0,221.5,1.0
164a5a8794e6d42e14f55e447b12a3bc,1,1,73.99,73.99,1.0
165b1235e9e9942cb5fae67103576fb0,16,11,2085.15,189.5590909090909,1.4545454545454546
165fc07beebdcb6190fba8a06db2a449,64,50,17481.4,349.62800000000004,1.28
1660ad786c27fd935378b6192a90b417,13,12,1570.0,130.83333333333334,1.0833333333333333
166e8f1381e09651983c38b1f6f91c11,2,2,78.8,39.4,1.0
167fd940acebc789debd6eb418c46e38,5,5,1077.58,215.516,1.0
1690cada046eb7e92c12f98b1f8a8167,11,11,1959.0,178.0909090909091,1.0
16bdc8cefd0e32a6f0824d296c5ad14a,1,1,41.76,41.76,1.0
1703bc09972dab9782e7a9194943b69f,1,1,249.9,249.9,1.0
1710c3aaa9c6b44ec3883ee0fe300e21,2,2,1188.9,594.45,1.0
17306570e772e7718c92a562d33f5f1d,32,29,9669.8,333.4413793103448,1.103448275862069
173d56ffbd4c56cb80fc3615487d712b,2,2,358.0,179.0,1.0
1746c1ae87ac63d530c7c943d0ac42e2,1,1,229.9,229.9,1.0
1771297ac436903d1dd6b0e9279aa505,36,28,2881.27,102.9025,1.2857142857142858
1782ce2db72c3dda627d5e7c898104e1,10,9,2010.8,223.42222222222222,1.1111111111111112
17908cf9b444ee34047cadd5c0f4a516,11,11,1993.99,181.2718181818182,1.0
17998cf586426bf0f2c3726cb0a4b211,2,2,69.8,34.9,1.0
179d859f51292aac5c10806a356f7af9,19,18,404.46999999999997,22.470555555555553,1.0555555555555556
17a053fcb14bd219540cbde0df490be0,149,125,40703.14,325.62512,1.192
17adeba047385fb0c67d8e90b4296d21,3,1,809.6999999999999,809.6999999999999,3.0
17ca9b9e9b9ef8fdb529001b49ebb50f,129,116,9754.83,84.09336206896552,1.1120689655172413
17e34d8224d27a541263c4c64b11a56b,268,255,56363.24,221.03231372549018,1.0509803921568628
17eea220a40cc0d2c0c5346379682398,4,4,1414.98,353.745,1.0
17f51e7198701186712e53a39c564617,61,56,48019.0,857.4821428571429,1.0892857142857142
180c3376aff0e43dd5788709df48a843,10,5,4513.0,902.6,2.0
1835b56ce799e6a4dc4eddc053f04066,558,423,33344.21,78.8279196217494,1.3191489361702127
1838dd9b8977065acf51d95e0053ea7a,67,64,2820.3,44.0671875,1.046875
184725737946a1a938bbbd1a9e978103,3,3,359.70000000000005,119.90000000000002,1.0
184a67a8f9f63234d3a92340bbdb727f,11,8,268.66,33.5825,1.375
186cdd1b2df32caa72cfb410bba768d3,6,6,1341.45,223.57500000000002,1.0
189ca3538ce9f920cacf0f982cbe223b,5,4,419.0,104.75,1.25
18a349e75d307f4b4cc646a691ed4216,148,121,8711.53,71.99611570247934,1.2231404958677685
18e694e0e48ed6f7aa3f24aade5fd697,34,31,701.54,22.63032258064516,1.096774193548387
1900267e848ceeba8fa32d80c1a5f5a8,529,411,24982.53,60.784744525547445,1.2871046228710463
191d55f7edb8524d525ed01b20fe32e8,3,3,747.0,249.0,1.0
1927cdb9fa74f5270097f6250e8e8f34,1,1,120.0,120.0,1.0
19484c79cef6c062cb177aa4ef2fcc3c,1,1,201.9,201.9,1.0
1961c3e1272bfeceb05d0b78b5bbfdaf,4,3,896.0,298.6666666666667,1.3333333333333333
1967a9e2ad6f51802b093147d861df58,2,2,380.0,190.0,1.0
1976a05ecf2996d6ffb7b5430e635fe7,9,8,1796.2,224.525,1.125
1987cd4be10fe09ee50454f9c354d1c6,16,14,2877.7,205.54999999999998,1.1428571428571428
198c7ea11960a9844b544d9bcdca860c,25,25,1733.75,69.35,1.0
1992f8fb6b19fcccd97ca819811e7267,1,1,28.8,28.8,1.0
1996942dc085d7773ba77a529b163cd0,10,10,2943.51,294.351,1.0
19a7c9f66ffa6452ff4b4c0cca71da27,1,1,279.0,279.0,1.0
19d62d484cba71963c93f0f00ab42013,1,1,139.9,139.9,1.0
19e0f40a907ec568c34bfac15de4f4a1,4,4,178.0,44.5,1.0
1a3df491d1c4f1589fc2b934ada68bf2,178,167,23302.7,139.537125748503,1.0658682634730539
1a6245add4353f18ed55138808906979,1,1,30.0,30.0,1.0
1a8e2d9c38b84a9702ac7922924b0573,1,1,80.0,80.0,1.0
1a932caad4f9d804097d7f8e615baed1,30,20,4661.0,233.05,1.5
1acde099eb406aa220b1169b188b42da,10,9,311.1,34.56666666666667,1.1111111111111112
1b0b0f4f95e962d6f32fe90c759d0479,2,2,139.8,69.9,1.0
1b1ae47a313a825a7ccceb8e2e30fa9d,11,11,2243.9,203.9909090909091,1.0
1b45169b635ef59425637e9a33eb5fb3,8,7,308.9,44.128571428571426,1.1428571428571428
1b4b28463457a256e9a784ebe2a8f630,1,1,699.42,699.42,1.0
1b4c3a6f53068f0b6944d2d005c9fc89,117,113,14760.300000000001,130.6221238938053,1.0353982300884956
1b61fb1f0f2185d89e9a126c498e9cc7,1,1,49.7,49.7,1.0
1b65c144b17e607c0f37f10bb7dfec8d,5,5,1109.5,221.9,1.0
1b7e5006cb25dd23ce8686691013b121,11,11,2636.74,239.70363636363635,1.0
1b8356dabde1d35e17cef975c3f82730,61,56,3426.39,61.18553571428571,1.0892857142857142
1b8b75e227c9a9c100d0c210fb6176ce,19,19,1914.8300000000002,100.78052631578949,1.0
1b938a7ec6ac5061a66a3766e0e75f90,33,30,3987.6,132.92,1.1
1bb2bdb95f4841f1bba2c0d2cd83d3c9,85,81,5002.71,61.76185185185185,1.0493827160493827
1bb3812d5f0747a3ab7348f199001a10,9,9,834.4000000000001,92.71111111111112,1.0
1bc2e21de46adfea6b98cc96b00f3b40,5,3,1039.95,346.65000000000003,1.6666666666666667
1c129092bf23f28a5930387c980c0dfc,220,201,9553.619999999999,47.530447761194026,1.0945273631840795
1c40343cc5d18c2d8248ac2f3366de34,22,21,2461.41,117.21,1.0476190476190477
1c56ffe0e9dea2657fc6e95b53f40b13,3,3,183.0,61.0,1.0
1c5e4e49b9079480255b49d50aac1aa9,12,12,10173.11,847.7591666666667,1.0
1c68394e931a64f90ea236c5ea590300,171,142,24832.75,174.87852112676057,1.204225352112676
1c742ac33582852aaf3bcfbf5893abcf,1,1,97.9,97.9,1.0
1c83418358f249c9d6affa52d579db0e,1,1,24.9,24.9,1.0
1ca4bdb0cd7fc48e949bac066188ed26,4,4,1520.0,380.0,1.0
1ca7077d890b907f89be8c954a02686a,137,115,13341.57,116.01365217391304,1.191304347826087
1caf283236cd69af44cbc09a0a1e7d32,37,33,917.6,27.80606060606061,1.121212121212121
1cbcd2ee0afb3fc09963b87eb65e7e4f,3,1,90.0,90.0,3.0
1cbd32d00d01bb8087a5eb088612fd9c,12,11,1045.47,95.04272727272728,1.0909090909090908
1cbd50a8c52e6cf8e315c5709fab386f,9,9,785.97,87.33,1.0
1cbdc7cf130a41fd13a3c2a7d2fcfda7,2,2,165.8,82.9,1.0
1cd9e0cc1839d55516843def5600816d,5,5,825.0,165.0,1.0
1ce3ae5a399804d1a87e706f8a813c3e,44,40,2563.0,64.075,1.1
1d0646a72178a6fb37ee8082140e06ec,2,2,61.0,30.5,1.0
1d0997ff06b524ce9289ffd75114ecd3,3,3,3747.0,1249.0,1.0
1d139e3a3b14025640d8df1b230aace0,2,2,36.49,18.245,1.0
1d1bbb8ac1581824986f582583fff01d,4,4,166.88,41.72,1.0
1d2732ef8321502ee8488e8bed1ab8cd,5,4,1148.0,287.0,1.25
1d29dfba02015238dfbe2449a5eaa361,12,12,612.8,51.06666666666666,1.0
1d4587203296c8f4ad134dc286fa6db0,43,42,2323.3,55.31666666666667,1.0238095238095237
1d503743d2526f03f0c2c89540ee008c,17,12,516.04,43.00333333333333,1.4166666666666667
1d8dbc4f32378d715c717c1c1fc57bae,98,92,11315.89,122.99880434782608,1.065217391304348
1d953075c2f0dd990bacf27b83b330f1,1,1,59.0,59.0,1.0
1da366cade6d8276e7d8beea7af5d4bf,49,43,6917.589999999999,160.8741860465116,1.1395348837209303
1da3aeb70d7989d1e6d9b0e887f97c23,328,265,8823.52,33.296301886792456,1.2377358490566037
1dc2de47ee26a0a5b12dc14fd6dc0dea,27,25,1670.3,66.812,1.08
1dcfa3835714681d4ba4a93bc1e0fd41,15,13,1278.5,98.34615384615384,1.1538461538461537
1dd33b8119b3cb1056ed5dc88cd0aaf4,8,8,1513.0,189.125,1.0
1de62b6f2fd96227629786db492433db,2,2,208.8,104.4,1.0
1dfe5347016252a7884b694d4f10f5c4,27,21,1693.5,80.64285714285714,1.2857142857142858
1e26c56af8d48424e1df0140a2401f83,2,2,258.9,129.45,1.0
1e47d8b6546eb3a77b1acddcc9406242,1,1,149.9,149.9,1.0
1e47defeeadeca0e9a18fa5a9311e735,3,3,234.12,78.04,1.0
1e483cc5c76fef08d3ca05f9a8af7d01,11,10,171.99,17.199,1.1
1e8b33f18b4f7598d87f5cbee2282cc2,140,123,17309.06,140.72406504065043,1.1382113821138211
1e8c6a4c538f286aee9573239740a4b4,5,5,359.7,71.94,1.0
1e9d5a33694bddb76316fd1f54734d20,2,2,318.0,159.0,1.0
1eade46fba20122dc4aefb379f8c636b,75,58,3635.37,62.67879310344827,1.293103448275862
1f1bb1f0859883505541bdd6606193e5,29,27,16040.84,594.1051851851852,1.0740740740740742
1f2eebc0e970fd3c463e4f5d9652687a,1,1,44.99,44.99,1.0
1f50f920176fa81dab994f9023523100,1931,1404,106939.20999999999,76.16752849002849,1.3753561253561253
1f7dfad2cb384ea4d2d7e1ffbd78c407,1,1,49.0,49.0,1.0
1f7fd2a6fcd5a6fa5d8a4dabc72aaae0,3,3,531.8,177.26666666666665,1.0
1f867308a0ce13133a4e639ff4de0c02,13,7,875.1,125.01428571428572,1.8571428571428572
1f9ab4708f3056ede07124aad39a2554,79,78,13602.73,174.39397435897436,1.0128205128205128
1fa2d3def6adfa70e58c276bb64fe5bb,1,1,6.9,6.9,1.0
1fbe10c70e30765ed1de86d9f7e98409,6,2,98.75,49.375,3.0
1fdc574883ef3b33ad41562d93f3a74a,18,18,4251.0,236.16666666666666,1.0
1fddcb7b326905d3ad5efe82187db347,1,1,92.0,92.0,1.0
1fe5540d7c1c37a595fefbacd5570d9e,25,20,4537.6,226.88000000000002,1.25
1fe61aa5494bd3ae92a2c13e067c810f,2,1,537.76,537.76,2.0
2009a095de2a2a41626f6c6d7722678d,12,8,388.89,48.61125,1.5
2039c5e51785b5dde7cf93ccb3b7be2c,1,1,159.9,159.9,1.0
204b4e07bddef3c9b317f70189135b22,1,1,73.4,73.4,1.0
2059c39f76271d4ca3f15b5ffaccc8b8,12,12,604.9,50.40833333333333,1.0
20611af7866c6068fd5ae1f9dbe15c92,2,2,219.8,109.9,1.0
2063dd1b9f568df1c16741ea7d3e6adb,3,3,763.1,254.36666666666667,1.0
2075d8cd4dd63ff12df0749a5866bb06,3,3,184.70000000000002,61.56666666666667,1.0
2078fe5066350e7d220c0ad3a3bbc6c1,1,1,29.9,29.9,1.0
2089a6d640999f9b9141ac719b2af596,44,44,8830.82,200.70045454545453,1.0
20a7efa9721046319bdde5d60b6b5365,6,3,501.20000000000005,167.0666666666667,2.0
20a8b0dc55da94fe74d112082427c84f,7,7,407.4,58.199999999999996,1.0
20b54c376b794ed028df09a3cd88e8dc,11,11,1342.95,122.08636363636364,1.0
20cb7c2fde3e5bf10f0bbe7394e1c6a9,51,32,861.9,26.934375,1.59375
20d53aad4fe5ee93a64f8839609d3586,2,2,51.9,25.95,1.0
20d83f3ef0e6925fd74bfd59170babf7,54,40,2903.6,72.59,1.35
20f0aeea30bc3b8c4420be8ced4226c0,1,1,14.9,14.9,1.0
20fd2d2080ed85fa67fad3fcbb2c1813,1,1,85.9,85.9,1.0
2138ccb85b11a4ec1e37afbd1c8eda1f,429,396,12357.03,31.204621212121214,1.0833333333333333
213b25e6f54661939f11710a6fddb871,194,155,15379.5,99.22258064516129,1.2516129032258065
213fafb0ca06fb3d5886579c2565791b,3,3,189.70000000000002,63.23333333333334,1.0
2156f2671501a81034d7d07f217609d0,22,22,2981.5,135.52272727272728,1.0
217f005bb37ff3aeef5b2ae1788e75ba,3,3,74.97,24.99,1.0
218d46b86c1881d022bce9c68a7d4b15,427,388,55093.28,141.99298969072166,1.1005154639175259
218f991754f360af9c2daa5e0b8e990c,17,14,3554.32,253.88000000000002,1.2142857142857142
2199e7fe213c16213bf5d6a7eadc9a5d,31,25,4078.29,163.1316,1.24
21c62b998a043ebe31161d38f84929fc,4,4,750.49,187.6225,1.0
21d59342ba150175ca2aa4f8faddeca6,2,2,259.9,129.95,1.0
21e83881401b92b49fb09a16d3852291,15,14,3588.0499999999997,256.2892857142857,1.0714285714285714
2235cf78d3e2073a88146a9cb60f0dd0,1,1,178.99,178.99,1.0
226b05fe067266c59c15dae208213d06,11,10,1056.9,105.69000000000001,1.1
228e4c1a0be164f613d41c24345f9d2c,5,5,539.7,107.94000000000001,1.0
229c3efbfb0ea2058de4ccdfbc3d784a,148,121,15744.0,130.11570247933884,1.2231404958677685
22a23e5ac7061fc538cc2a019afaaf16,1,1,95.0,95.0,1.0
22c32ec35d0116ef02c281798a25bf8b,6,4,119.58,29.895,1.5
2305ab43e846518f58dd9d59f3f54e96,3,3,788.89,262.9633333333333,1.0
232a6014e7b10cba61c6c2b2ea6bb4b0,36,33,3919.87,118.78393939393939,1.0909090909090908
23613d49c3ac2bd302259e55c06c050c,80,70,4293.0,61.32857142857143,1.1428571428571428
236585a4ddb5fea9fa40233e2249ed91,11,11,649.53,59.04818181818182,1.0
2379bdc3888025689a9deb7b141507d5,9,9,999.5,111.05555555555556,1.0
238fac594e170b59c6d228f5a4f4f1d9,30,29,3126.0,107.79310344827586,1.0344827586206897
23a0ffca143a15b9b5bbdb7d552f626a,24,23,3718.51,161.67434782608697,1.0434782608695652
23c38debaffe4a25a30fdbd9b586a13f,46,41,5382.18,131.27268292682928,1.1219512195121952
23ca5f678e0b3ea6c630b30fa8bf51ea,7,6,183.0,30.5,1.1666666666666667
23d7c96d4a1160db1c726b248601b25a,55,53,11766.94,222.0177358490566,1.0377358490566038
23ff42c4bf1f8f16cddb19d8b972974a,3,2,174.70000000000002,87.35000000000001,1.5
240b9776d844d37535668549a396af32,36,36,13592.08,377.5577777777778,1.0
244b04680fdbded0acf5aebd9c92b44a,3,3,3477.7000000000003,1159.2333333333333,1.0
244c2f1bff6afe1f2eaf9bfe9b2aed38,27,23,2580.0,112.17391304347827,1.173913043478261
247587846358bb1d2e4c6522020b36fe,1,1,99.0,99.0,1.0
2493dc3f20131696a0ecdb9948051a8d,4,4,504.38,126.095,1.0
249f0e9905a6e06ad6c6bea7547ab9f6,3,3,347.95,115.98333333333333,1.0
24a6daf925d9d591870a66660416de31,2,2,60.0,30.0,1.0
24c1de8d9551c0b4fbc53317d53efda8,1,1,355.0,355.0,1.0
2528513dd95219a6013d4d05176e391a,167,161,32689.1,203.03788819875774,1.0372670807453417
2528744c5ef5d955adc318720a94d2e7,5,5,6245.0,1249.0,1.0
252e76235acb79183cfca6e34f13337d,4,3,261.2,87.06666666666666,1.3333333333333333
253c025bab43881055aeecde5e2d8b77,2,2,94.82,47.41,1.0
253f95b3a0e6983ae18aed49fbc2b845,5,5,799.5,159.9,1.0
257e61d3251fb5efb9daadddbc2cf7ca,12,12,7729.0,644.0833333333334,1.0
258447aad3f7b01e2643c89f64dc5647,1,1,51.9,51.9,1.0
259f7b5e6e482c230e5bfaa670b6bb8f,165,138,8526.04,61.782898550724646,1.1956521739130435
25be943a321c8938947bdaabca979a90,5,5,769.0,153.8,1.0
25c5c91f63607446a97b143d2d535d31,269,158,54679.22,346.07101265822786,1.7025316455696202
25cf099de44674fde97473224f9d59ab,50,50,1654.36,33.087199999999996,1.0
25debeafbce801fdd479539350185eee,7,6,302.84000000000003,50.473333333333336,1.1666666666666667
25e47381a6c510ddeb36084e33b89f0c,17,16,1289.6000000000001,80.60000000000001,1.0625
25e6ffe976bd75618accfe16cefcbd0d,117,108,11691.61,108.25564814814815,1.0833333333333333
262237171f48e85819065498cac80d7b,10,4,599.0,149.75,2.5
2646baaf662d4d92ac48f047e35db92d,18,15,1263.05,84.20333333333333,1.2
26562f211dd1364af2a8596dc945e8ae,2,2,99.0,49.5,1.0
265fdc289dffa9f1ad801c74f7d0de47,1,1,495.0,495.0,1.0
26785a546900236d66f2e4197c211158,15,15,1019.2,67.94666666666667,1.0
269c5fc9fcadee614364c3620c30a1f9,6,3,209.6,69.86666666666666,2.0
269cff2d3c8d205c11f37a52402ea93b,5,4,1281.59,320.3975,1.25
26af45f5dfd967225a832838aa4e24a3,11,10,573.1,57.31,1.1
26b482dccfa29bd2e40703ba45523702,4,3,344.78,114.92666666666666,1.3333333333333333
26bad72add1f86e08a776ce4ffdaf1ca,7,7,622.0,88.85714285714286,1.0
26d6bbee02420494d471c9f6436929c0,13,12,434.51,36.20916666666667,1.0833333333333333
26d8a1c7c75d513045798992ead43aa2,38,36,8244.12,229.00333333333336,1.0555555555555556
26e13b6ff5b641b329e5524241ee2c93,4,4,119.69999999999999,29.924999999999997,1.0
26e2c91ef821e1ff8985f408788fe35b,14,12,1649.4,137.45000000000002,1.1666666666666667
26e2e5033827d2ba53929f43e03d8ffe,1,1,139.49,139.49,1.0
26f6b7ab07be3e9e69ce82a6552efc19,2,2,54.8,27.4,1.0
270297ead4c65a6cd2593960d2af6b21,20,18,9422.4,523.4666666666667,1.1111111111111112
270572bb714b00531be85e16e1550f26,1,1,96.99,96.99,1.0
2709af9587499e95e803a6498a5a56e9,47,26,1279.56,49.21384615384615,1.8076923076923077
270d3ef21830ad0ecf3a6c53d08a533a,18,6,509.0,84.83333333333333,3.0
271b8923c6a549e02d3c9fd1f8c0422b,1,1,105.19,105.19,1.0
271c58a1d139c45eaf3316107c6d3a3b,29,29,3897.52,134.39724137931034,1.0
272f092de69afedd4d2969440b37f18f,40,26,1935.3300000000002,74.43576923076924,1.5384615384615385
2745f798279e0ed033addcc1474776d7,32,32,3668.53,114.6415625,1.0
276677b5d08786d5dce7c2149dcce48b,47,33,3522.0,106.72727272727273,1.4242424242424243
278b6e0b20c4f61fefaa0577943d7a35,2,1,1078.0,1078.0,2.0
27a56ff04b34c2ba34ce6ba4d3b9d616,8,8,349.28999999999996,43.661249999999995,1.0
282c7480173bb9c01dd41cc739fec010,8,5,4274.2,854.8399999999999,1.6
282f23a9769b2690c5dda22e316f9941,110,99,6505.08,65.70787878787878,1.1111111111111112
28405831a29823802aa22c084cfd0649,7,7,245.0,35.0,1.0
28872dc528e978a639754bc8c2ce5a4c,1,1,1009.9,1009.9,1.0
289cdb325fb7e7f891c38608bf9e0962,126,110,13544.95,123.1359090909091,1.1454545454545455
28a26ebce31d5918b181ede016fd693b,1,1,29.9,29.9,1.0
28c7d8743fbc8679f484868cc0fcaefb,3,3,201.5,67.16666666666667,1.0
28d162ab86bb49d719c32f0ee6186eaa,1,1,109.99,109.99,1.0
28ea411b354f14b1a494be4e79f0ce02,6,6,820.0,136.66666666666666,1.0
28f10b1c5e5abb9d4857745bede6147c,28,28,835.0,29.821428571428573,1.0
28fb0829fd777877cdc350d25cb5bd5b,4,4,499.6,124.9,1.0
293dee954235e4e4e43f129313625ebe,8,8,1778.92,222.365,1.0
2953ce3a88f5e3c3b696d77fc9e4c8eb,15,14,470.0,33.57142857142857,1.0714285714285714
296729ffb9b684050dd24836dac4494a,2,2,114.0,57.0,1.0
297d5eccd19fa9a83b2630071ff105e4,8,8,834.97,104.37125,1.0
299c89a525fee36c567f4fe72f038100,2,2,658.0,329.0,1.0
29c322e3f09f886f8bacbe91dfbd979e,2,1,48.98,48.98,2.0
29e6e05b65f93bc224c644319dc52ecf,4,4,475.6,118.9,1.0
29fe9f200d3fa0c668d2aa1ec7e08dfb,5,5,400.0,80.0,1.0
2a1348e9addc1af5aaa619b1a3679d6b,55,52,2843.0,54.67307692307692,1.0576923076923077
2a167ca73899c85001a837d8fb4962f6,3,2,4097.0,2048.5,1.5
2a261b5b644fa05f4f2700eb93544f2c,82,51,5355.0,105.0,1.607843137254902
2a50b7ee5aebecc6fd0ff9784a4747d6,2,1,199.8,199.8,2.0
2a5b78b41cd05baeac8df54c6606b92c,60,49,19025.36,388.2726530612245,1.2244897959183674
2a61c271b1ac763450d846849783e922,23,18,1516.76,84.26444444444445,1.2777777777777777
2a6fbeaa7ab9e5d59a35841a8da71ce4,30,30,1632.79,54.42633333333333,1.0
2a73cba571d90c694b7caca072ccf6ce,2,1,342.78,342.78,2.0
2a7c6c0b0d5efde2bf75ec1e1cec2d41,3,3,147.6,49.199999999999996,1.0
2a7dc43cecabf23403078e2188437d1d,54,52,4795.91,92.22903846153847,1.0384615384615385
2a84855fd20af891be03bc5924d2b453,168,164,15819.1,96.45792682926829,1.024390243902439
2aa3443d7bf9d9bb11133f420d75e083,10,10,647.0,64.7,1.0
2aafae69bf4c41fbd94053d9413e87ee,2,2,94.0,47.0,1.0
2addf05f476d0637864454e93ba673d5,12,12,4552.0,379.3333333333333,1.0
2b03ac196f5ed62ac483960fe0fa3b65,7,7,843.1,120.44285714285715,1.0
2b1a40c1daabc6ca280c4b815c101841,35,23,12732.6,553.591304347826,1.5217391304347827
2b2fed75b8e5ea3a052fc4c0825da485,4,3,510.9,170.29999999999998,1.3333333333333333
2b3b9ce054da76a7428df143a567b156,6,5,301.0,60.2,1.2
2b3e4a2a3ea8e01938cabda2a3e5cc79,54,52,23629.15,454.4067307692308,1.0384615384615385
2b402d5dc42554061f8ea98d1916f148,1,1,299.89,299.89,1.0
2b5ed0c9139dae8883a200dfcb272ece,4,4,85.41,21.3525,1.0
2ba91c7ad80ff88b23b7db823b43c233,6,6,740.4,123.39999999999999,1.0
2bd05d410a8fd26dc4184a15f4f2f588,7,6,1316.73,219.455,1.1666666666666667
2bdb95a56a36ebbc6640337ac5eac174,1,1,89.9,89.9,1.0
2be17df1c49978426251562096c3cc09,16,16,2165.0,135.3125,1.0
2bf28e311bba65237358230cabac3f15,8,7,294.0,42.0,1.1428571428571428
2bf6a2c1e71bbd29a4ad64e6d3c3629f,31,30,50628.9,1687.63,1.0333333333333334
2c00c85d30361cd2ced2969cffbbffa3,1,1,49.8,49.8,1.0
2c2c9832d1bb38c5b0034a3b47d313ee,1,1,49.9,49.9,1.0
2c3d56f92f360fb89d849b84e8f50eae,8,8,465.6,58.2,1.0
2c43fb513632d29b3b58df74816f1b06,3,3,858.0,286.0,1.0
2c4c47cb51acd5ea5db5e0ae0e26542a,15,12,2575.9,214.65833333333333,1.25
2c538755f1ca9540af144f266e70df6c,1,1,334.99,334.99,1.0
2c54051840f19eca309a5423cf22df36,2,2,23.7,11.85,1.0
2c9005d8043aff18b8557ffb7b13cda4,1,1,109.9,109.9,1.0
2c9e548be18521d1c43cde1c582c6de8,174,126,6109.44,48.48761904761904,1.380952380952381
2cb4700db635baa1c0d4f90ed27b6669,2,2,199.8,99.9,1.0
2cb6eb1b7185064167657fa09f541105,7,6,1217.9,202.98333333333335,1.1666666666666667
2cb98e27ce1c18abdb42209b34c382a7,1,1,62.49,62.49,1.0
2d20f1cd18725c91147da0791d498022,1,1,99.8,99.8,1.0
2d22fc3089eb907b29ebff50581fb472,3,3,317.70000000000005,105.90000000000002,1.0
2d2322d842118867781fc737e96d59a1,10,8,176.4,22.05,1.25
2d2c62bef4c8ba0dd74e0e228e808539,16,16,3749.0,234.3125,1.0
2d34636518ba88f5349b732fcf8ba2e4,1,1,150.0,150.0,1.0
2d378dbb39815785238c0139c7647fb7,2,2,1154.0,577.0,1.0
2d42ebcda99fd55f6f4bc2f1ca035d50,11,10,921.5,92.15,1.1
2d50d6282f8aa2257819a77bfaa0efe0,45,44,3353.48,76.21545454545455,1.0227272727272727
2d518637f53161b973e01f56ea4bb88e,13,13,1219.8899999999999,93.8376923076923,1.0
2d8cfba3fcd3170555941605edaa196a,1,1,45.0,45.0,1.0
2d9e8987a2ea5cf88dce330249043ff1,2,2,239.8,119.9,1.0
2dcf93836ae3ce0d7c93e2f10876467a,12,9,1443.8,160.42222222222222,1.3333333333333333
2dd1fb6f0e42a2243b8a01e40cd41216,5,4,845.89,211.4725,1.25
2dee2ce60de9709b1a24083217181a1f,55,54,7784.5,144.15740740740742,1.0185185185185186
2e0dba2da448400b1c11d7b4b22f32a4,13,7,235.87,33.69571428571429,1.8571428571428572
2e13c71026e1a39ba5cc1b86dcb679aa,28,24,3793.0,158.04166666666666,1.1666666666666667
2e1a7d075abe038c1b2743005fe42ff1,23,19,1396.7,73.51052631578948,1.2105263157894737
2e1c9f22be269ef4643f826c9e650a52,173,167,12687.68,75.97413173652694,1.035928143712575
2e2f44824ab87a0cb961f68bf4073e7f,1,1,48.0,48.0,1.0
2e3be8a987a30d7544dbbda6861cc14e,19,18,4430.84,246.1577777777778,1.0555555555555556
2e7ea2aafec5835e781b21d6d1faf1f1,7,7,528.4,75.48571428571428,1.0
2e90cb1677d35cfe24eef47d441b7c87,137,127,13894.710000000001,109.40716535433071,1.078740157480315
2ea0861cc19e94cad86438c984c52da4,6,6,165.6,27.599999999999998,1.0
2eb70248d66e0e3ef83659f71b244378,212,202,42628.61,211.03272277227722,1.0495049504950495
2ec6e37d992a95eaddb3369dcbcc76d9,2,2,159.8,79.9,1.0
2ee0a0689f2f6a72f35a7cb6033f6e7e,4,4,272.0,68.0,1.0
2eeb6531ee027a48d401e72bebdd87d3,3,3,38.7,12.9,1.0
2ef086a599b597572aca4433b7ed6b3d,1,1,49.0,49.0,1.0
2f09f7d37a97956d11cc1a7cadd5262b,12,11,2005.0,182.27272727272728,1.0909090909090908
2f1e7b90e01d9f086cbcb301c0c3d406,1,1,59.0,59.0,1.0
2f3d8b4c9e2ee165075331fea3f3095a,1,1,130.0,130.0,1.0
2f4b0d3b9634b647d4edee577d7ebb7e,11,10,337.9,33.79,1.1
2f4b9d112bfa44a214bc6cef085d17c8,6,5,293.99,58.798,1.2
2f73e04d12cdf0c945ded66bb3fcf6c7,3,3,1359.0,453.0,1.0
2f74af7a0ee5636f12c2336f9fffed47,13,13,560.6999999999999,43.130769230769225,1.0
2f9b7ce230a057a98a9f5df5893ee36c,2,2,141.82,70.91,1.0
2fa13c8bd5705d279f7ed5cc9ec61c68,4,2,87.4,43.7,2.0
2fb25ab44bdbeae6a4d816e0d0c9d500,5,5,683.08,136.616,1.0
2fdde51ad3e12f297da656d4fbd5d0b5,10,10,6252.0,625.2,1.0
2ff6b7bff164ef05590a52734e1296da,7,7,1803.59,257.6557142857143,1.0
2ff97219cb8622eaf3cd89b7d9c09824,96,89,4476.9,50.30224719101123,1.0786516853932584
3076499bbc033a927bf4a8a41bcf7fd4,9,7,359.33,51.332857142857144,1.2857142857142858
3078096983cf766a32a06257648502d1,64,59,8285.42,140.43084745762712,1.0847457627118644
30829ded4523ab9224b93bc49a62c95f,31,18,6911.71,383.9838888888889,1.7222222222222223
3092c0b297aacfb4bb6e056ebe13b9b8,21,19,1623.9,85.46842105263158,1.105263157894737
30a2f535bb48308f991d0b9ad4a8c4bb,87,71,4731.3,66.63802816901409,1.2253521126760563
30a81d8cf85fb2ada1b1b094c9583a95,20,17,1245.42,73.26,1.1764705882352942
30c7f28fd3a5897b2c82d152bb760c17,7,7,2178.27,311.18142857142857,1.0
312ba1d77e9c332ef21f9598b7f64cd7,10,9,756.0,84.0,1.1111111111111112
31344c16881c08a8a72c6d2eb29918c1,43,43,9615.7,223.62093023255815,1.0
31561f325664a8a7aba4c8d0c3a9b3db,38,36,2702.19,75.06083333333333,1.0555555555555556
318f287a62ab7ac10b703ac37435a231,62,52,2517.48,48.41307692307692,1.1923076923076923
31ae0774c17fabd06ff707cc5bde005f,11,11,6719.85,610.8954545454545,1.0
31be790e64fc99f8ff48ec2bd18a3104,6,6,241.39999999999998,40.23333333333333,1.0
31da954dc0855f2495c6310f70a2f931,30,29,4583.0,158.0344827586207,1.0344827586206897
31e60bf8d103ce47932a85f5562deb16,1,1,181.0,181.0,1.0
31eec405c9bb71dec8e2629a92e764fa,5,5,256.89,51.378,1.0
323ce52b5b81df2cd804b017b7f09aa7,30,30,2554.2,85.14,1.0
324583d68897f5ddbaf38f6248322176,3,2,84.0,42.0,1.5
325f3178fb58e2a9778334621eecdbf9,46,36,981.6999999999999,27.269444444444442,1.2777777777777777
327b89b872c14d1c0be7235ef4871685,3,3,1177.0,392.3333333333333,1.0
3289d8c3eef4873f91ce0b1343c0dd58,1,1,199.99,199.99,1.0
328acb143b4a73aad6bee8e734f5d20d,2,2,699.98,349.99,1.0
3296662b1331dea51e744505065ae889,1,1,517.8,517.8,1.0
32b8764b4ef628b53608fc34011fcc13,38,36,8884.0,246.77777777777777,1.0555555555555556
32e5635e63cb374eb63afdd242fb6134,1,1,910.0,910.0,1.0
32f1bb9dfa65bc7df5c0d9d95a616be4,6,5,276.39,55.278,1.2
32f83ffe11cd40f7adcf4eef171f52d9,1,1,29.99,29.99,1.0
32fdd5d44ecb43dfd6a24b9369eca144,8,8,479.2,59.9,1.0
3338e7a0710a195872be80e0d2423867,1,1,45.0,45.0,1.0
333c4210e76a1aa2ab817b99437e3ff1,2,2,335.0,167.5,1.0
3340ef1913fb70d28420f6ceb685c339,42,32,6731.15,210.3484375,1.3125
334cab711dee080b079fa5779b584783,26,11,1069.7,97.24545454545455,2.3636363636363638
33576ec5412fb5905d876f12f33bfde6,32,31,2718.0,87.6774193548387,1.032258064516129
3361277dc30b7cccdb0c286b24219756,42,29,3905.05,134.65689655172415,1.4482758620689655
3364a91ec4d56c98e44174de954b94f6,6,6,3579.94,596.6566666666666,1.0
33a17d60c64393351ebf1ef860f4e0f2,47,43,8152.4800000000005,189.5925581395349,1.0930232558139534
33a6f4b1e7cdc205511e76ba1b6e0186,126,105,10295.01,98.04771428571429,1.2
33ab10be054370c254ddfcf0a6253422,4,4,213.2,53.3,1.0
33ac3e28642ab8bda860a2f693000e78,35,34,3661.03,107.67735294117648,1.0294117647058822
33c51922b6e3c16b24a8f28e5833c99d,20,18,6657.87,369.88166666666666,1.1111111111111112
33cbbec1e7e1044aaf11d152172c776f,16,15,730.67,48.71133333333333,1.0666666666666667
33cbda8716511e27e556dff9d8418bf2,6,5,507.40000000000003,101.48,1.2
33d677f27a69b84051204ee4ae76eaca,10,9,165.0,18.333333333333332,1.1111111111111112
33dd941c27854f7625b968cc6195a552,5,5,6787.5,1357.5,1.0
33fd411ed63a7c2f9005e3f065d9f85d,1,1,24.9,24.9,1.0
34056b8b55c1775a22af2331670a799c,78,78,6455.4,82.76153846153845,1.0
340636a908b13bbe0f4fb63fbe1d0c03,6,5,823.2,164.64000000000001,1.2
343e716476e3748b069f980efbaa294e,24,17,922.5999999999999,54.27058823529411,1.411764705882353
3442033154be05bac582e173ef54fd12,1,1,161.0,161.0,1.0
344223b2a90784f64136a8a5da012e7f,1,1,10.9,10.9,1.0
3442f8959a84dea7ee197c632cb2df15,3,3,218.70000000000002,72.9,1.0
34675b28b826facfde119785bf287dc1,1,1,21.99,21.99,1.0
3481aa57cd91f9f9d3fa1fa12d9a3bf7,25,25,1773.03,70.9212,1.0
3492e68f37fd1df87f4f2f2ea247f445,9,8,787.86,98.4825,1.125
34a557286ead8fe75c989e0afcf7d98c,4,4,414.9,103.725,1.0
34aefe746cd81b7f3b23253ea28bef39,1,1,8.0,8.0,1.0
34d1ca11b242c0fee2c834ae8d788566,41,40,13422.24,335.556,1.025
34f563c82a85b99ae9e6d60db5fc2e28,8,8,2332.3,291.5375,1.0
3504c0cb71d7fa48d967e0e4c94d59d9,53,53,2349.94,44.338490566037734,1.0
35281d148dcf7134bae913c57db4e6da,1,1,119.99,119.99,1.0
353e21e8bf8de2722b4fae1636664b76,4,4,208.0,52.0,1.0
35857757f553273b1056c1cabdace7fb,6,6,454.6,75.76666666666667,1.0
3586b8580d9c917874e053a1bb37b5ff,43,36,1524.7,42.35277777777778,1.1944444444444444
35b96509602ec4b7da831b5cd73ff2c2,2,2,558.9,279.45,1.0
35ef5aa32949680f627efec3c23e705c,5,4,361.59999999999997,90.39999999999999,1.25
35fb511489d9ee3ee27a76debce9df06,7,7,414.5,59.214285714285715,1.0
3606774ec64634822d78dc2db6d37045,2,2,299.8,149.9,1.0
365e445f796710c3431557e85caa25db,5,4,1115.0,278.75,1.25
365e4bce19bda0082c3d15d83fdb8bcd,7,6,796.4,132.73333333333332,1.1666666666666667
36890be00bbfc1cdb9a4a38a6af05a69,13,13,1361.3,104.71538461538461,1.0
36a968b544695394e4e9d7572688598f,162,154,9482.87,61.577077922077926,1.051948051948052
36f98ad67cc981f50ce8aed093d5783c,2,2,119.4,59.7,1.0
37303482a42fb700d8d127e70a9cd6c8,2,2,148.89,74.445,1.0
373ee4a3a775a733770ca3f790b8b9ac,22,13,2141.49,164.73,1.6923076923076923
37515688008a7a40ac93e3b2e4ab203f,240,228,5986.6,26.25701754385965,1.0526315789473684
376a891762bbdecbc02b4b6adec3fdda,58,57,6406.23,112.38999999999999,1.0175438596491229
376d67b61dce0c990155286e7ae486a4,1,1,94.0,94.0,1.0
3771c85bac139d2344864ede5d9341e3,30,26,1433.3,55.12692307692308,1.1538461538461537
377bc18334c78dd2f1535ef22a3ad225,1,1,135.98,135.98,1.0
3785b653b1b82de85ab47dd139938091,24,21,1552.0,73.9047619047619,1.1428571428571428
37be5a7c751166fbc5f8ccba4119e043,281,272,55350.55,203.49466911764708,1.0330882352941178
37ceb404da208418c9032f0674e57804,3,1,204.93,204.93,3.0
37dd29b36c458d82f74a953c40c43645,8,7,4536.99,648.1414285714285,1.1428571428571428
38102b031c2a15e54623d711bfc753d3,11,9,457.0,50.77777777777778,1.2222222222222223
381c83fdca332ea6afd896da20bf6e4a,46,46,7355.8,159.90869565217392,1.0
3820c6537b3853be1a0687d5a60807ec,1,1,25.0,25.0,1.0
382229d1e840115ffe3dbf5ff460e417,49,46,4096.96,89.06434782608696,1.065217391304348
385799a1cddbd26dfeb9157356a42282,7,5,633.93,126.78599999999999,1.4
38874e327ce94d11390b96eb42d61928,6,6,3779.94,629.99,1.0
389e45560e33d2d0747f949dcddbc08e,1,1,39.0,39.0,1.0
38af8acfd46ac4a7bf754e8ca6736664,5,5,345.0,69.0,1.0
38e679b9e0064cd94c6f035707344dae,30,28,3694.5099999999998,131.9467857142857,1.0714285714285714
38e6dada03429a47197d5d584d793b41,12,7,596.14,85.16285714285713,1.7142857142857142
38f276ca6e7cc95a6d1bb55ac9e5550f,1,1,24.99,24.99,1.0
3903c788ded8dc03b5ebab37a2f3e9a1,5,5,119.97999999999999,23.996,1.0
391bbd13b6452244774beff1824006ed,2,2,127.8,63.9,1.0
391fc6631aebcf3004804e51b40bcf1e,613,526,39951.95,75.95427756653991,1.1653992395437263
392353362d22cc2c236e1ee81ff19890,10,5,288.7,57.739999999999995,2.0
392e0502231ae2f8b29994ef6398cd77,20,20,1871.7,93.58500000000001,1.0
392f7f2c797e4dc077e4311bde2ab8ce,2,2,52.0,26.0,1.0
3935fe5fe0f82787a9dcb8deb62be09d,17,16,1681.69,105.105625,1.0625
3968920b9aa752ab98f7d5888c9252f2,10,8,523.3,65.4125,1.25
3969863bb8af7f72580b3b1ffd3a17b3,13,12,623.15,51.92916666666667,1.0833333333333333
397c4d0c005b6f41f90098ac724e28cb,5,5,8177.0,1635.4,1.0
3985a3c45be355a4c57fde108bfabd1c,8,7,344.2,49.17142857142857,1.1428571428571428
3986c0b54f6b748b75e7bd4e092aa3e5,1,1,24.99,24.99,1.0
398cb257329ef7af7f1943a8974a3cbc,1,1,145.9,145.9,1.0
39a5005f2605cbdb4f9ac14485cabfd1,8,3,501.07,167.02333333333334,2.6666666666666665
39c763cca83e654764b7a4a650fb9b7c,11,11,761.0,69.18181818181819,1.0
39d54ff918774174706fb065d7f9dc07,25,23,1593.59,69.28652173913044,1.0869565217391304
39d61be7a92eb77b7da367bd4845bc0e,14,7,700.59,100.08428571428571,2.0
39f776d2974049026ff531fc42ef2a3e,4,3,1084.04,361.34666666666664,1.3333333333333333
3a1a1fec38dd360f15fc912e821e169d,15,15,2007.38,133.82533333333333,1.0
3a3c180dd702a725bd0ba4117689239e,1,1,41.9,41.9,1.0
3a3e46d10f74d8a6ca76e2b538f106a0,6,3,334.9,111.63333333333333,2.0
3a4127e1ba7208ea37044c5092aae170,6,6,2219.6,369.93333333333334,1.0
3a490ba60afa30ece0e7d50cfe74a4f0,8,8,1529.2,191.15,1.0
3a52d63a8f9daf5a28f3626d7eb9bd28,1,1,35.0,35.0,1.0
3a734b715d333a2588a3d54a0c9b8746,24,18,2463.52,136.86222222222221,1.3333333333333333
3a79f35a2344ede41af21267f61d5ec6,1,1,186.0,186.0,1.0
3aa3c89ae3cd482385568be76120f63c,1,1,29.9,29.9,1.0
3ab971ce71839580d2ae5b4e40fe8044,38,36,5002.900000000001,138.96944444444446,1.0555555555555556
3ac588cd562971392504a9e17130c40b,1,1,11.9,11.9,1.0
3ade81dab5a172b88e1871c28ae05260,32,30,5751.6,191.72,1.0666666666666667
3afc536624bc2e65bddfb5db33cc01f3,6,6,312.0,52.0,1.0
3b15288545f8928d3e65a8f949a28291,121,104,14061.789999999999,135.20951923076922,1.1634615384615385
3b18f9856c6eb2413eafedb58e9eecd9,1,1,315.0,315.0,1.0
3b872fd4747f01cc56206f2934198618,27,25,2726.7400000000002,109.06960000000001,1.08
3bb32fedaa74e4ad20f4ce067733bd31,3,2,103.69999999999999,51.849999999999994,1.5
3bb548e3cb7f70f28e3f11ee9dce0e59,53,46,7690.02,167.17434782608697,1.1521739130434783
3bdff180c7e1f6551a643b99c265a120,61,59,3114.9,52.79491525423729,1.0338983050847457
3be5841cdcc46de4ed3f9116f104b2c5,4,4,599.6,149.9,1.0
3be634553519fb6536a03e1358e9fdc7,99,83,5370.95,64.71024096385543,1.1927710843373494
3bfad056cf05c00dabe2f895925d83b1,5,1,206.64999999999998,206.64999999999998,5.0
3bfba5a77604f6dfae7e6dd7aaf65821,4,4,2095.5,523.875,1.0
3c010235b7345c92f125d14ee232a76b,15,15,3578.0,238.53333333333333,1.0
3c03b12bab54d8b37d79d914bfdb1aa0,43,37,4236.34,114.49567567567568,1.162162162162162
3c3017960b2dbd72711a61f0400aab8f,10,10,968.8000000000001,96.88000000000001,1.0
3c487ae8f8d7542beff5788e2e0aea83,33,30,9385.699999999999,312.8566666666666,1.1
3c4e0452bff7a2a788179488d3d77032,36,32,3746.4,117.075,1.125
3c7c4a49ec3c6550809089c6a2ca9370,160,141,4033.6400000000003,28.607375886524824,1.1347517730496455
3c88ed2e76a2247933a15daa7161eb1c,1,1,155.0,155.0,1.0
3ca08eeb8d5595949fed424bd3677742,14,14,1768.8700000000001,126.34785714285715,1.0
3cfa1358a6caa965278721344c8d76f2,5,5,3140.2799999999997,628.0559999999999,1.0
3d01d1c414c44b5943a09619ff3853cb,5,5,402.6,80.52000000000001,1.0
3d0cd21d41671c46f82cd11176bf7277,11,9,447.8,49.75555555555556,1.2222222222222223
3d2400ac620cffa23ac81bd192f7f555,1,1,105.0,105.0,1.0
3d2531eccfbde1d7c8db7a3a12fb267a,10,10,1999.54,199.954,1.0
3d290fe363c60a77498c1126fd3fb8d3,3,3,198.98,66.32666666666667,1.0
3d39fbf22a665714baf62fae36029e23,8,8,2504.2,313.025,1.0
3d3ccf2b2f8134b10dce9dd446f0e075,3,3,608.6,202.86666666666667,1.0
3d4824f20035949c710eaf111f869d39,10,9,1041.04,115.6711111111111,1.1111111111111112
3d49bfdd1b43a7fe169b3740067acc61,3,3,215.0,71.66666666666667,1.0
3d4b1ae7539303b5704493798893e82c,9,6,1076.0,179.33333333333334,1.5
3d5d0dc7073a299e31fa718ce1bc00b6,24,23,790.7,34.37826086956522,1.0434782608695652
3d621842b2ed28e2b474132480edac3c,10,10,928.9100000000001,92.891,1.0
3d62f86afa7c73be2628a3be1423f5a0,2,2,12.0,6.0,1.0
3d68c634a99a1ba46dbca3967a69c623,2,2,594.0,297.0,1.0
3d700782d7818f2c1e0d7a9e9d75fc00,3,3,149.7,49.9,1.0
3d871de0142ce09b7081e2b9d1733cb1,1147,1080,94914.2,87.88351851851851,1.0620370370370371
3d8fa2f5b647373c8620330c4e077a9f,48,43,3571.73,83.06348837209302,1.1162790697674418
3da38366e7bd9baf6369071f782ecdf0,1,1,59.47,59.47,1.0
3db66a856d18a9cba7c9241fc5221c50,97,94,9478.300000000001,100.83297872340427,1.0319148936170213
3dbbce181edfaa4a597ec858c382d2ec,20,17,848.3,49.9,1.1764705882352942
3dc69bf2c42f0568a5c4791ec3fd3745,2,2,300.0,150.0,1.0
3ded4e2d5f135cb103e5949d7263d2dd,1,1,49.9,49.9,1.0
3df020b72d3d44b3af9d110fa3940b65,101,55,5039.9,91.63454545454545,1.8363636363636364
3dfd3dc96f7f8598eca74e9ac8a2fa31,6,6,183.0,30.5,1.0
3e35a8bb43569389d3cebef0ce820f69,2,1,55.8,55.8,2.0
3e46a38ee171c503c3b4a3f23fe3bf0c,1,1,59.9,59.9,1.0
3e51f9cbe317bc3a88f2c76583811ee4,1,1,76.09,76.09,1.0
3e8bd881d92466e63ba9e3e809cd3c50,10,9,2242.28,249.14222222222224,1.1111111111111112
3ea00e1dea2b0659dbaf654735929220,7,7,505.0,72.14285714285714,1.0
3ea08c48e851106d2f584349daba335f,1,1,170.0,170.0,1.0
3ef37b7ca6dd2b80bd8af81a62504996,2,2,700.0,350.0,1.0
3f0e48d209018b466fcd3bb4ccfeb520,10,9,5399.0,599.8888888888889,1.1111111111111112
3f2af2670e104d1bcb54022274daeac5,7,6,973.6,162.26666666666668,1.1666666666666667
3f3486b61f45078d4f31ee5e43d8c5bb,40,40,3829.73,95.74325,1.0
3f8034bfc6b8b4135534975d49f04c63,16,12,1313.9,109.49166666666667,1.3333333333333333
3f8247d0f772ffa58560e5c682521ad5,1,1,139.9,139.9,1.0
3f84fefc07dc159b268d4a77d3e8c425,3,3,200.6,66.86666666666666,1.0
3f995f07c49d0d55a99d5c54957f7d81,43,43,3955.7,91.99302325581395,1.0
3f9be91358837bff69df67edfa3e42e8,7,7,569.7,81.38571428571429,1.0
3f9c56764fabca627406093dcb3ef0b4,7,7,909.3000000000001,129.9,1.0
3fac58ce0ad699020c7944d53c41329c,16,10,1244.95,124.495,1.6
3fadb4cba4c35bce6a7eaf9872d5623a,5,3,209.5,69.83333333333333,1.6666666666666667
3faf68a3b0af94b10bac70d86077be49,7,7,1322.93,188.99,1.0
3fd1e727ba94cfe122d165e176ce7967,38,37,2805.2000000000003,75.81621621621622,1.027027027027027
3fe7120d6257285ac6a3ce7cb071ccec,2,2,199.98,99.99,1.0
3febca52652e7209509ccfe61cbde40e,2,2,84.0,42.0,1.0
3fefda3299e6dfaea3466ef346a3571a,1,1,209.0,209.0,1.0
4003520d80d0bad1d5623f7aa3c63cda,1,1,70.0,70.0,1.0
400f221ab83037c0ea78f1267da9624d,1,1,865.0,865.0,1.0
402916f742e5c740cc751493d9cf5053,10,9,1252.0,139.11111111111111,1.1111111111111112
403aa86912527d730337ffcb0fb096ab,11,11,8959.89,814.5354545454545,1.0
4049512728d969bec69f84088b012416,9,7,389.84,55.69142857142857,1.2857142857142858
404e1ba01358af4cd63f679b2c4d1fa1,12,8,373.9,46.7375,1.5
40536e7ca18e1bce252828e5876466cc,4,2,463.96,231.98,2.0
406740ee611378a662d274c7d8c43c4a,10,8,1790.0,223.75,1.25
406822777a0b9eb5c50e442dd4cd3ec5,47,45,3648.08,81.06844444444444,1.0444444444444445
4091f77d8c768fc3e81c20761471761d,8,8,1079.0,134.875,1.0
40d54b51e962dbe09cabbcfd33298dee,31,30,6785.5599999999995,226.18533333333332,1.0333333333333334
40db9e9aa57f7bb151bcda6b0f9bdbb7,12,12,23168.0,1930.6666666666667,1.0
40ec8ab6cdafbcc4f544da38c67da39a,2,2,117.8,58.9,1.0
411f3b52d857390502ee4e4d5ceabc2d,30,21,1804.01,85.90523809523809,1.4285714285714286
4125d9385a25e82d2f72d3a0fd55bc3f,1,1,42.9,42.9,1.0
412a4720f3e9431b4afa1476a1acddbe,22,21,2058.1,98.0047619047619,1.0476190476190477
4170f6a9367e6b5d6401d03ce6d54569,5,4,568.78,142.195,1.25
417a1e6c7321084d2a0ae0d023cfad93,1,1,48.9,48.9,1.0
41958cbd3335433c8740300e8cd600d5,1,1,32.99,32.99,1.0
41ab63a91b8b264e8c8780368bf1dd5b,13,12,2571.95,214.32916666666665,1.0833333333333333
41b14765bd56c8ad10971074380f9c0c,10,8,395.5,49.4375,1.25
41b39e28db005d9731d9d485a83b4c38,231,195,17112.55,87.75666666666666,1.1846153846153846
41b86b552e54e3a7009596125aa8b167,11,10,1595.3,159.53,1.1
41c2bad7229b0c25e6becf179ebf63ff,23,20,782.0,39.1,1.15
41c9d3997dd3c072c31139dc5bb5761f,3,3,998.8,332.93333333333334,1.0
41da412d33e8da4f22baf55cb1bde82c,21,15,862.9,57.526666666666664,1.4
41e0fa5761c886a630994a55c12087e7,5,5,423.6,84.72,1.0
4200ddf1967c5e41e48db62bc6d4b5ac,42,22,734.8,33.4,1.9090909090909092
4221a7df464f1fe2955934e30ff3a5a1,5,5,849.5,169.9,1.0
422be4cc81a457fdb46f47edeb968ae5,1,1,239.9,239.9,1.0
427165bf50f8ca07efc7bdc2bfcf1688,5,5,1603.5,320.7,1.0
42b6488f5b8246d9141712abd4b1b693,2,2,247.99,123.995,1.0
42b729f859728f5079499127a9c2ef37,132,104,4118.86,39.60442307692308,1.2692307692307692
42bde9fef835393bb8a8849cb6b7f245,40,35,7703.0,220.0857142857143,1.1428571428571428
42d4b7e70819438f5ada61c965e92d7e,3,1,49.6,49.6,3.0
42ef3192a9ff87a22d1867b74b3ee205,23,23,1354.0900000000001,58.87347826086957,1.0
42fa4ee7240e9b8eb4576358ec142ba7,22,22,3845.7,174.80454545454543,1.0
42fb44130ac3134cde8e35cf8ec7df25,3,3,62.699999999999996,20.9,1.0
430315b7bb4b6e4b3c978f9dfa9b0558,21,20,3118.4,155.92000000000002,1.05
4305fe92735c8a43d154ff6dd2b8d927,21,19,2885.9,151.88947368421054,1.105263157894737
431050a06a317f2b38168dec3dcd2b46,12,12,1487.8,123.98333333333333,1.0
431af27f296bc6519d890aa5a05fdb11,125,117,13109.5,112.04700854700855,1.0683760683760684
4324dd16853115efb0fd9d0d131ba6f4,18,12,1052.25,87.6875,1.5
432c37c9dfba871172ec162e20118b8c,57,46,2968.87,64.54065217391305,1.2391304347826086
432c67955c0acd1fd6b0b5d678766a71,3,3,1151.0,383.6666666666667,1.0
43402bdf22aa2310e8f99e2f94f78628,5,4,649.95,162.4875,1.25
4342d4b2ba6b161468c63a7e7cfce593,20,20,2867.1,143.355,1.0
436bf27f2f18474fc6047702e9f8a866,1,1,29.9,29.9,1.0
4371b634e0efc0e22b09b52907d9d469,112,102,8194.0,80.33333333333333,1.0980392156862746
43753b27d77860f1654aa72e251a7878,1,1,23.9,23.9,1.0
4391ea5c5990502176a1dcda44a2373d,5,3,2349.0,783.0,1.6666666666666667
439a47cc365d6e3bd526812ea9de3c29,13,8,1186.5,148.3125,1.625
43a1d4bab73b816e44ef4e4facd9f9b5,1,1,189.9,189.9,1.0
43a5d4a57af536fddc96d08be3afdfcb,1,1,75.0,75.0,1.0
43b2c864251aa0ce4030c746984e088a,2,2,94.8,47.4,1.0
43f8c9950d11ecd03a0304a49e010da6,41,41,4249.59,103.64853658536586,1.0
44073f8b7e41514de3b7815dd0237f4f,153,144,18729.64,130.06694444444443,1.0625
440dd6ab244315c632130ecfb63827b1,95,94,13696.9,145.71170212765958,1.0106382978723405
443d880f15cbd3572885e1d44bf2c478,2,1,94.8,94.8,2.0
4450bd8327d471c4a11a83d1445b1b62,1,1,199.0,199.0,1.0
446cc09cdbb130904da114e807dbec40,3,3,252.8,84.26666666666667,1.0
44717f64ec2a457979cf83c429077666,3,2,107.0,53.5,1.5
447d377bdb757058acb569025ee18a93,1,1,64.99,64.99,1.0
44ed138eca6214d572ce1d813fb0049b,3,2,129.79,64.895,1.5
44f091b5abab8018f682fce8124b85e5,6,6,1680.1,280.01666666666665,1.0
45213867cefbf2cd4c6177e10216a951,14,14,4955.42,353.9585714285714,1.0
4559697a8f7e637227c2eeaed843baff,42,42,3696.0,88.0,1.0
455befea1bb853c75ccbca94cff26e5c,1,1,19.99,19.99,1.0
455c5640e8c5bd1b2ee85c0158f85727,8,8,6729.5,841.1875,1.0
455f46ef09a9e45667e2981df84b5cc2,2,2,59.8,29.9,1.0
457fe919b032a3f7dadba6fb92cf7855,12,9,1104.89,122.76555555555557,1.3333333333333333
458c6fa920810ce2492da71bc26d9eec,2,2,756.76,378.38,1.0
458d868c9642f55f18f04e951a3fdde6,2,2,2718.0,1359.0,1.0
45a3d05fb00435e52a28859dd03703b3,1,1,1299.0,1299.0,1.0
45ba18c210d42734ec52c0c1c574e9ee,41,38,5589.13,147.08236842105262,1.0789473684210527
45c20d94d9171b0bcfab3c955e47d67b,4,4,129.45999999999998,32.364999999999995,1.0
45d33f715e24d15a6ccf5c17b3a23e3c,61,59,4838.2300000000005,82.00389830508476,1.0338983050847457
461ff5303b6c9c1a4a07f40c5aece516,3,3,102.69999999999999,34.23333333333333,1.0
466222e777149751370e7e98fb623b0c,1,1,87.9,87.9,1.0
4677a5437afda5fa7140b927b07be1cc,11,11,3415.7,310.5181818181818,1.0
46dc3b2cc0980fb8ec44634e21d2718e,542,521,128111.19,245.89479846449137,1.0403071017274472
46ef1a25845fc051c2998d878354810c,5,5,250.41,50.082,1.0
4736e9d642ef4257cd7622516931eb51,20,16,1078.8700000000001,67.42937500000001,1.25
47648caee88ccfe951fbb27fbf7b4cbe,3,3,1564.99,521.6633333333333,1.0
478bfe564db21eeb44386606aa30b650,3,3,182.70000000000002,60.900000000000006,1.0
47efca563408aae19bb7206c2d969ea9,12,12,2522.0,210.16666666666666,1.0
47f55702f598c7c6cc8458b0fbc1c49a,2,2,127.5,63.75,1.0
48162d548f5b1b11b9d29d1e01f75a61,91,68,20510.14,301.61970588235295,1.338235294117647
4830e40640734fc1c52cd21127c341d4,219,210,9843.47,46.873666666666665,1.042857142857143
48328ec9a579151d9cc6a86d4a59336c,1,1,1099.0,1099.0,1.0
483ca627d131e18f988349b1655c0acd,1,1,264.0,264.0,1.0
48436dade18ac8b2bce089ec2a041202,151,138,12271.710000000001,88.9254347826087,1.0942028985507246
485452467ff670447e84a8370c3fc898,3,3,175.7,58.56666666666666,1.0
4867209cb29b56b92893d7bde3ce8012,1,1,150.0,150.0,1.0
4869f7a5dfa277a7dca6462dcf3b52b2,1156,1132,229472.63,202.7143374558304,1.0212014134275618
48985c61529077fa4f1e38bcff0f2ed3,7,7,879.3000000000001,125.61428571428573,1.0
48b6c3f4c6a93171da04b75313f2130f,2,2,290.26,145.13,1.0
48bad451945f5227341793478d6353ea,3,3,307.0,102.33333333333333,1.0
48e5ee06fb2dc74df1c711a9b6dfac2a,3,1,57.0,57.0,3.0
48e954b2da4f6a750c844173b347ed40,6,2,397.79999999999995,198.89999999999998,3.0
48efc9d94a9834137efd9ea76b065a38,34,33,345.6,10.472727272727273,1.0303030303030303
48fb026ed7455a42f5d3e9390ed5088e,11,11,555.71,50.51909090909091,1.0
49067458c68f7701fd334ce326accbe0,37,17,1047.6499999999999,61.626470588235286,2.176470588235294
4917cee8d902e13428c3ec4b1ca6f315,33,33,5421.9,164.29999999999998,1.0
491a5ada3aa1678414e990262c4bbdc1,2,2,2840.0,1420.0,1.0
49383af7ab774e4e8f3000f49c83dc4b,12,8,660.0,82.5,1.5
4965a7002cca77301c82d3f91b82e1a9,1,1,8.49,8.49,1.0
497709c2976a8fa308730a2dec5b0726,2,1,76.0,76.0,2.0
4978a02ea9c8be7a9b5480680f40334e,19,18,2356.61,130.92277777777778,1.0555555555555556
499185655c29ecfdbfe776ef7cf875b5,1,1,89.0,89.0,1.0
4992e76a42cb3aad7a7047e0d3d7e729,74,57,2211.1,38.791228070175436,1.2982456140350878
499ec63c58e51296c9cf57edcfe1c8a8,5,5,365.0,73.0,1.0
49cdc90518a4f82676b38b3c1aa43ff6,5,5,1539.5,307.9,1.0
49e7217cfe4e427191c378ec626d8737,14,13,3002.7,230.97692307692307,1.0769230769230769
49f8d2ea7b718d0ce587d34207caf2b4,1,1,149.9,149.9,1.0
4a1917ef994878940e1fb03eeb787ad7,3,2,768.0,384.0,1.5
4a1f694197d05fe70026b016a7316b41,23,14,907.77,64.84071428571428,1.6428571428571428
4a23adac87cf538689fa600d976f78b2,3,3,405.0,135.0,1.0
4a3ca9315b744ce9f8e9374361493884,1987,1806,200472.92,111.00383167220377,1.1002214839424143
4a3ccda38b2129705f3fb522db62ca31,78,66,17062.59,258.5240909090909,1.1818181818181819
4a5b36211b1f51bf7eaa5c10a57fa483,1,1,139.19,139.19,1.0
4a82168aaef173cbb6e46ae88728f919,4,4,512.0,128.0,1.0
4a82c4af97ffc0fb2dc26bfdc03b1842,3,3,143.7,47.9,1.0
4aba391bc3b88717ce08eb11e44937b2,30,29,7595.87,261.92655172413794,1.0344827586206897
4aba6a02a788d3ec81c03137144d9a80,1,1,89.9,89.9,1.0
4b0fdb526525f9890eb145bf1534640e,20,18,2419.0,134.38888888888889,1.1111111111111112
4b1eaadf791bdbbad8c4a35b65236d52,8,8,1849.79,231.22375,1.0
4b39558c138930b9e5489c93b6df5fe3,5,4,1096.7,274.175,1.25
4b5f66b7adcf57f1ecc0d3c07dd6b177,38,23,6381.78,277.4686956521739,1.6521739130434783
4b90495391ac0bd181a80a459df1e718,1,1,248.0,248.0,1.0
4b9750c8ad28220fe6702d4ecb7c898f,222,218,15915.3,73.00596330275229,1.018348623853211
4b98b0428fc1932cc2514ef9ce2505e6,2,2,327.63,163.815,1.0
4ba52dfeba874da5b9ee7b17c7494f04,11,11,1463.0,133.0,1.0
4bc3d93e4a5f88a598d3d8ce4ae510b3,1,1,169.0,169.0,1.0
4bcec44888b30ba9001234c534716d3f,5,5,146.0,29.2,1.0
4bde6149c15cf7e177b36fa060dd6de8,2,2,159.8,79.9,1.0
4be2e7f96b4fd749d52dff41f80e39dd,1,1,267.0,267.0,1.0
4be6b962d83299498bae2190f95d6566,12,11,508.8,46.25454545454546,1.0909090909090908
4be9ae93c4fc0f41713d71a4194ee1b3,1,1,109.9,109.9,1.0
4bf2f4ee540798a61f9636d12cd9cc80,30,29,4995.56,172.26068965517243,1.0344827586206897
4bf658053d453036c70976bccb2c31b2,2,2,1742.99,871.495,1.0
4bfc7a4a1cf8d4d2121c27422d9e50b5,40,26,8124.4,312.4769230769231,1.5384615384615385
4c03b9dd4c11ee2cb35c96c49efc9420,48,48,6458.6,134.55416666666667,1.0
4c18691b6037662be2df78a765d98ab5,67,63,3195.52,50.72253968253968,1.0634920634920635
4c1c7281388a33dd06daac44f9fadbd1,5,5,188.32,37.664,1.0
4c2b230173bb36f9b240f2b8ac11786e,346,261,14592.27,55.90908045977012,1.3256704980842913
4c498c7345e89aebad651544829beca0,48,48,4819.76,100.41166666666668,1.0
4c4d546adf3c3868fe19c9ec6e9ffda9,3,2,111.69999999999999,55.849999999999994,1.5
4c60877808f4318ef1107fbeb8f89afa,2,2,118.0,59.0,1.0
4c61e37f664c3c88aff092aa5ac779d7,8,7,788.3100000000001,112.61571428571429,1.1428571428571428
4c8545742faaf58fafd5fd14d25d75cf,4,4,3020.0,755.0,1.0
4c8b8048e33af2bf94f2eb547746a916,27,23,2020.73,87.85782608695652,1.173913043478261
4cc43a222a0f94910728b62b97a8c5f8,1,1,108.5,108.5,1.0
4cc4fd4fdd406a85bbdc1f824b731bd7,2,1,539.98,539.98,2.0
4ce6e5f6c52515177e18c1c9361d8677,1,1,226.6,226.6,1.0
4ce8b55b4bfa4659184e7becc1fba3f2,2,2,199.0,99.5,1.0
4cf490a58259286ada5ba8525ba9e84a,8,8,1254.2,156.775,1.0
4d0041cdbe51b4617d95c70b19decc74,8,8,5235.200000000001,654.4000000000001,1.0
4d232b78ab7ef10393dc3807d827bc0d,5,5,1475.0,295.0,1.0
4d600e08ecbe08258c79e536c5a42fee,8,8,4465.34,558.1675,1.0
4d6d651bd7684af3fffabd5f08d12e5a,395,369,43587.4,118.1230352303523,1.070460704607046
4d6fb82c629c7a5028bfd973c07b05e0,2,2,278.0,139.0,1.0
4d8809767a5bafe22909c77951fb6b41,1,1,50.0,50.0,1.0
4d9fea3499bdc22aa4da4e339365f215,2,2,192.54000000000002,96.27000000000001,1.0
4da0e408c99d2fdc2126dc9fce518060,54,44,3026.0,68.77272727272727,1.2272727272727273
4dab98ca6cd6d3df586203cefd28a042,1,1,154.9,154.9,1.0
4dbd95a08b31ede5c82d3f861cb1ce1a,6,6,1304.67,217.44500000000002,1.0
4dc2e811a1760953cb7c6a590b498943,1,1,175.0,175.0,1.0
4dc646b9b9e8e411ef48ba000ea3ac6f,5,4,289.7,72.425,1.25
4ddeb3e828550cddc8d45c8bc36ab2d1,1,1,152.0,152.0,1.0
4de6e4ba574aa9dfdc824bc44dc47fdd,14,14,451.1,32.221428571428575,1.0
4deebb3199eeafb282ae33229144f94b,5,4,779.7,194.925,1.25
4e06067cc08b3f41d837768d392c3ee3,46,31,941.72,30.378064516129033,1.4838709677419355
4e0d109ccfba9a1151c103049880c857,2,2,279.89,139.945,1.0
4e17c65a516f69d023a2ae78b84f28d6,74,61,7639.26,125.23377049180328,1.2131147540983607
4e2627090e6e5b9fabba883a37897683,5,2,199.5,99.75,2.5
4e326052e5dbba8adcd512f3450a307e,6,3,570.0,190.0,2.0
4e42581f08e8cfc7c090f930bac4552a,4,3,336.0,112.0,1.3333333333333333
4e480be820e37de1444325ff358c9296,2,1,430.3,430.3,2.0
4e5725ba188db8252977a4f0227bd462,25,22,1930.59,87.7540909090909,1.1363636363636365
4e6015589b781adaa5ce7f1892d06bb1,3,3,684.0,228.0,1.0
4e7c18b98d84e05cbae3ff0ff03846c2,89,82,9177.9,111.92560975609756,1.0853658536585367
4e85b538b0dad58852641540686d0e14,4,4,361.97999999999996,90.49499999999999,1.0
4e8dacf3d38f281ae26c3e0321d92d88,15,10,2644.95,264.495,1.5
4e922959ae960d389249c378d1c939f5,454,420,46030.37,109.59611904761906,1.0809523809523809
4e92348462c75b6c842b994ce84a0ed4,1,1,69.9,69.9,1.0
4ea2f12dbe91deeacd2c1e74f069a6e6,6,4,210.2,52.55,1.5
4eb61f060e7dcc1d5a80d806c35cc541,8,8,1313.0,164.125,1.0
4ebdc7e6cd6102a022dadc49156d4ea8,32,29,928.6999999999999,32.02413793103448,1.103448275862069
4eeb99008a0f59d2c7759c59f9a346eb,2,2,1282.0,641.0,1.0
4ef4c39cf3c24f326434cf0b2e48046a,9,8,891.0,111.375,1.125
4f0d637c1197fd65405ebd755ac9f86b,2,2,199.8,99.9,1.0
4f1f1c8666cdb6442f775c4e8caed465,2,2,944.98,472.49,1.0
4f40d2ed38d1cc945364a7cd202a82c7,1,1,319.9,319.9,1.0
4fae87d32467e18eb46e4a76a0a0b9ce,1,1,100.9,100.9,1.0
4fb41dff7c50136976d1a5cf004a42e2,3,3,1230.0,410.0,1.0
4fe2f67634d00c021aa01f96b6f2d68e,2,2,86.8,43.4,1.0
5011f0d93373a4c5753adf58ca77af8d,22,12,1009.4200000000001,84.11833333333334,1.8333333333333333
503c1de08ae81a2d86f17951b204db55,22,22,4906.99,223.045,1.0
5058e8c1e82653974541e83690655b4a,78,63,10022.82,159.09238095238095,1.2380952380952381
5075aaa8404020ae6aa8bf4792099b41,23,13,1822.8,140.2153846153846,1.7692307692307692
50770d25768b0486d89be26afca3108f,6,6,171.76999999999998,28.62833333333333,1.0
508808d438fe2ff972ed13bb8f4a82e2,11,10,294.83,29.482999999999997,1.1
50a7e551a7b3f8d37cd6e32d8bfbe5ea,1,1,140.0,140.0,1.0
50bf89f1349bc0409a268c3a49678009,1,1,179.9,179.9,1.0
50c361bcf670d16f6df4d52de3dff924,1,1,35.0,35.0,1.0
50c9975695009e5e6473912e83a6d1da,68,50,3964.4,79.288,1.36
51209b446b2073894bdc0face6c73ffc,4,2,359.6,179.8,2.0
512d298ac2a96d1931b6bd30aa21f61d,12,11,7401.94,672.9036363636363,1.0909090909090908
513a54369b6a8a6602fcb0e129c6d78d,2,2,47.8,23.9,1.0
5145090ab595c0d0b8557199f5701fbf,4,4,1459.6,364.9,1.0
5151aea44289d6c6b090ee31c2132508,7,7,1315.3,187.9,1.0
515d781150feed28a6ac091bb0e3cb8c,6,6,1002.35,167.05833333333334,1.0
5160d23075764e18e07c1f4a87fad743,39,34,2429.0,71.44117647058823,1.1470588235294117
516e7738bd8f735ac19a010ee5450d8d,84,76,6643.09,87.40907894736843,1.105263157894737
51702dc2a3e106c76dbff722b5bf0726,14,13,2705.1,208.08461538461538,1.0769230769230769
5194c22ed1f616ec0c0f33c571542879,4,4,245.6,61.4,1.0
519a7aa428f18d125a283cf8c014fdd6,3,3,79.69999999999999,26.566666666666663,1.0
51a04a8a6bdcb23deccc82b0b80742cf,1,1,167.99,167.99,1.0
51e0557bc7b86de13e946c60ee91ce39,1,1,45.8,45.8,1.0
51e4e89242cbb846c2deff3dc015650e,16,16,822.58,51.41125,1.0
51ed72984a04e5dd35c2b27e77179038,7,7,1294.3,184.9,1.0
51f108f62cb87d61918159902c8f8583,3,3,303.73,101.24333333333334,1.0
5206cc4bc2297c833e6061c49bf9c43f,1,1,35.0,35.0,1.0
52092ddbd3a58c450a4459bf051b2287,6,6,351.7,58.61666666666667,1.0
520b493b57809f446cb0a233bb3e25c7,73,63,3698.9,58.712698412698415,1.1587301587301588
522620dcb18a6b31cd7bdf73665113a9,180,174,57168.49,328.55454022988505,1.0344827586206897
5236605f4d4b0b3e4df85b850393fca0,5,5,265.3,53.06,1.0
52454f90d4c30c016768db02f88c1a74,5,3,80.5,26.833333333333332,1.6666666666666667
52562a9f449c3dc3d53f5f5b9ed74903,14,14,3266.6,233.32857142857142,1.0
525e75a6fb1454a2325ab1734bcec221,11,10,657.0699999999999,65.707,1.1
5275ca25d0358ca73864e0ae41be1320,4,4,409.6,102.4,1.0
527801b552d0077ffd170872eb49683b,92,90,17942.8,199.36444444444444,1.0222222222222221
52831e5990d0771cb4951d6f12928167,1,1,65.0,65.0,1.0
528bcf6680c36dddf07620bd35b33a6f,2,2,969.98,484.99,1.0
528ce32f560edd11add4169f6a5b65be,2,2,59.8,29.9,1.0
52956b80ae65fda598f06f6b9943e7a9,3,3,792.0,264.0,1.0
52a50b42accf164f9f019941e5759d9b,4,4,139.96,34.99,1.0
52a52b9f656520e99716f5bc40f661c8,8,7,783.1,111.87142857142858,1.1428571428571428
52ac6f920b7280e4c6d30dd94de6259b,7,6,5657.3,942.8833333333333,1.1666666666666667
52b53f7061969fe471d119b6195da864,1,1,90.0,90.0,1.0
52bb00821bcdd358a5a5a27e1f6be5a1,2,2,349.8,174.9,1.0
52d76513f0c4d97f3b99570e2c94ee31,28,19,8153.1,429.1105263157895,1.4736842105263157
52f0fe436a347ddad7ed5f9aa4e27eaa,23,21,1484.3700000000001,70.68428571428572,1.0952380952380953
52f6f9f13ba19504c02781132a049e75,1,1,199.0,199.0,1.0
52f976b17ea7f2f087f56dcc419328f6,6,6,7630.0,1271.6666666666667,1.0
52f9db5cfb423382a2fa5c9e39303202,23,22,1269.77,57.716818181818184,1.0454545454545454
5305693ffae2d3463377b1f6fe67b15a,1,1,93.56,93.56,1.0
53088c75f948b48a7ece173ac17f0c12,3,3,261.70000000000005,87.23333333333335,1.0
530ec6109d11eaaf87999465c6afee01,104,97,12983.810000000001,133.8537113402062,1.0721649484536082
53243585a1d6dc2643021fd1853d8905,410,358,222776.05,622.279469273743,1.1452513966480447
53336f97ddbe53e2a617d07b17447b95,1,1,599.5,599.5,1.0
533d46c1b06970e99f09523a61df4972,2,2,159.98,79.99,1.0
5343d0649eca2a983820bfe93fc4d17e,111,71,10000.64,140.85408450704224,1.5633802816901408
534a01cc6df1e034e05c32028a291fa2,5,5,235.59,47.118,1.0
535bf14f36346c7f59d87cece104d70c,1,1,50.0,50.0,1.0
537eb890efff034a88679788b647c564,173,160,4679.7,29.248124999999998,1.08125
538caafddff204241cecbf3a02e6b3cf,9,9,148.3,16.477777777777778,1.0
539ed9e19811677513447759be5eccfc,2,2,32.83,16.415,1.0
53b0300ca793f9834cd69c0678d35ee8,10,5,1662.15,332.43,2.0
53d00c40e32aeb924a84ce72b1af869d,17,17,2165.85,127.40294117647058,1.0
53e4c6e0f4312d4d2107a8c9cddf45cd,522,473,30148.95,63.73985200845666,1.1035940803382664
54065e9aef7e9e9c2dc23b7594db021a,14,14,8003.0,571.6428571428571,1.0
5415337f1863452476d42d9f14a16a61,1,1,44.9,44.9,1.0
54219883e72aad869adfb2a54b7bfa0f,5,5,6750.0,1350.0,1.0
542917da124346b47ea1ac79a93ce454,20,20,1303.9,65.19500000000001,1.0
5444b12c82f21c923f2639ebc722c1ea,1,1,169.9,169.9,1.0
544863df86ed3b78a04e0820d41430ee,1,1,23.9,23.9,1.0
54583ab379489add547fe47b628db589,10,10,2240.0,224.0,1.0
54965bbe3e4f07ae045b90b0b8541f52,86,78,10961.300000000001,140.5294871794872,1.1025641025641026
54a1852d1b8f10312c55e906355666ee,204,200,17226.44,86.1322,1.02
54aa8463e87776b5612f4bdc4bd5d4de,7,7,649.3,92.75714285714285,1.0
54c04bdb5ec46762f8f08c7e8f86ed4a,19,18,3281.66,182.31444444444443,1.0555555555555556
55029529919c0123526150bd26ca8f20,7,7,453.95,64.85,1.0
553a440137d6e0cf776aee0bb83ac9f5,2,2,144.8,72.4,1.0
5563732abe64c3036cb97ad924128dd1,3,2,404.0,202.0,1.5
5566627eab3fe93fd6ee08798226101a,5,5,85.5,17.1,1.0
556a6409838156ea299c9d1f9e2dde43,4,4,1362.8,340.7,1.0
557f22c76691849db52d2abccf0015d0,14,13,865.8599999999999,66.60461538461537,1.0769230769230769
5587130f9850696ed7fafbc91c2cee44,2,2,69.8,34.9,1.0
559d56f3b8f0bc2e5a9a62fe2ce2a39f,2,2,385.0,192.5,1.0
55a5b51f93f2b70ea513f5a047b0262a,41,39,4002.3,102.62307692307692,1.0512820512820513
55bb6fe5bebe5012e2d7d9928e1128ff,16,15,1816.55,121.10333333333332,1.0666666666666667
55c26bcb609f480eb7868594245febb5,6,6,664.4000000000001,110.73333333333335,1.0
55c96925041a14097b6a7825554f4ad5,10,6,294.8,49.13333333333333,1.6666666666666667
55d3daac7c404d59e51c2aa2f4dc5a23,28,21,4480.6,213.36190476190478,1.3333333333333333
55dedd83e501d8248880557d9073cbfd,9,8,1055.3,131.9125,1.125
55f7a3319d80f7fdf078b8f03e6725fe,22,22,3013.78,136.99,1.0
562f8cfc51f265411f487d07e9c40e7f,13,13,766.9200000000001,58.99384615384616,1.0
562fc2f2c2863ab7e79a9e4388a58a14,270,260,8814.199999999999,33.90076923076923,1.0384615384615385
5656537e588803a555b8eb41f07a944b,188,174,8065.93,46.355919540229884,1.0804597701149425
5659d77e8d90378e39b960ad5956f64e,2,2,182.48000000000002,91.24000000000001,1.0
56642bcb79900e777d68e91915cb4267,56,48,3657.64,76.20083333333334,1.1666666666666667
5670f4db5b62c43d542e1b2d56b0cf7c,22,22,6630.09,301.3677272727273,1.0
56a8b450e802502ba53a9885ee38e29f,1,1,62.45,62.45,1.0
56db5c0782e8f7ddc9343f9576ff6d16,2,2,734.8,367.4,1.0
56e361f411e38dcef17cdc2a3d99628b,10,5,1298.0,259.6,2.0
56f413900b5166ab4d730e9ac0b12cb0,3,3,151.79,50.596666666666664,1.0
570d4583587a5fe2d47c7be89b91ad27,2,2,125.25,62.625,1.0
5721089ba9214e80074f27d5a03fc0eb,7,5,245.92999999999998,49.18599999999999,1.4
5733d806668f8712c24b9abaefbfa642,2,2,243.8,121.9,1.0
5741dc2bf5044c34d0698681c5081bed,3,3,89.69999999999999,29.899999999999995,1.0
575df70bde3f9f2b30bf8d2e9910d725,34,27,5410.05,200.37222222222223,1.2592592592592593
577719699805dd125d5b6fdde5943bba,8,8,1077.8000000000002,134.72500000000002,1.0
578460d8319c51dab351cd9db95eadfe,1,1,235.0,235.0,1.0
578fa3a9cb6b6dceab39231ad59cdaca,3,3,150.0,50.0,1.0
5795aebfe331fbcd02a2c4b679fb7952,6,6,1280.0,213.33333333333334,1.0
579891617139df7d8671d373f0669622,8,8,280.3,35.0375,1.0
57a834594e1e9e9219603bfec184eadc,1,1,139.0,139.0,1.0
57c764b4a836300be881e2ff86e449f9,30,29,1211.0,41.758620689655174,1.0344827586206897
57d2ba47f7a3209aa347532ae75c1165,2,2,318.0,159.0,1.0
57df9869a600bd6b7c405f2a862eccfb,5,5,125.0,25.0,1.0
57e632711dec9ec14ca7546769483e7e,65,62,6350.06,102.42032258064516,1.0483870967741935
57fe6232e67823593374a2281d7a8af8,8,8,178.68,22.335,1.0
582d4f8675b945722eda7c0cb61ba4c7,71,59,4702.96,79.71118644067796,1.2033898305084745
585175ec331ea177fa47199e39a6170a,1,1,3549.0,3549.0,1.0
586a871d4f1221763fddb6ceefdeb95e,2,1,198.0,198.0,2.0
5882820ef11c4c068eea0677a7a879b4,14,14,9925.5,708.9642857142857,1.0
5882f40daf39bc2a465e0cb453ddc222,1,1,640.0,640.0,1.0
58b98ccb79873e04eac4357cacc590d9,1,1,23.0,23.0,1.0
58c851d1a3c7cd3da329eb59453fed44,2,2,268.99,134.495,1.0
58e4b302b54937e55a678c4d15111da4,3,3,279.79,93.26333333333334,1.0
58f1a6197ed863543e0136bdedb3fce2,45,44,6833.0,155.29545454545453,1.0227272727272727
59417c56835dd8e2e72f91f809cd4092,18,18,36459.0,2025.5,1.0
594f9aaa48e5bf431f011ddc5669b0d5,38,37,3248.8,87.80540540540541,1.027027027027027
5962468f885ea01a1b6a97a218797b0a,9,8,791.0,98.875,1.125
596849622429351f47b32e6cae1055ff,14,14,1104.7,78.90714285714286,1.0
5996cddab893a4652a15592fb58ab8db,1,1,810.0,810.0,1.0
59b22a78efb79a4797979612b885db36,133,125,27184.5,217.476,1.064
59bbc819b99a733f02f0d6b49d1c253d,2,2,139.8,69.9,1.0
59cd88080b93f3c18508673122d26169,12,10,392.33,39.233,1.2
59cea8e446d3834393058e7e0666b6fb,10,10,696.6,69.66,1.0
59de1d4c8c057c2a53acd4ca66531af2,1,1,135.0,135.0,1.0
59fb871bf6f4522a87ba567b42dafecf,128,126,21708.57,172.2902380952381,1.0158730158730158
5a05a16bb50629ee31afab8a6d4c2674,15,14,794.3,56.73571428571428,1.0714285714285714
5a32c398a06c345440bf2a683b017ad3,2,2,79.8,39.9,1.0
5a413ade68e8f8d93071a7f52a64cb9e,14,14,778.9,55.635714285714286,1.0
5a4236931428800e9d9cc04af0987118,3,1,44.97,44.97,3.0
5a425cc503b39b262a847fd6212bf53b,15,15,1360.5900000000001,90.706,1.0
5a6a02f419701fc8c605af71d4fc57a4,11,10,600.5,60.05,1.1
5a8e7d5003a1f221f9e1d6e411de7c23,181,139,11171.9,80.37338129496402,1.3021582733812949
5a93f3ab0ef4c84ed5e1b5dbf23978bc,44,39,2338.25,59.955128205128204,1.1282051282051282
5a9b3bcab695173c820e53934574ae80,1,1,139.0,139.0,1.0
5a9c0859cb00fd8aa4db443837f0a700,2,2,208.0,104.0,1.0
5aaa890629f83706d8d9bfecd8377c1c,1,1,48.9,48.9,1.0
5ab05b6d86d417796c69ffd6774ec832,12,10,1886.1000000000001,188.61,1.2
5abb8ea023c77787f2c15da891c8d384,13,13,2241.0,172.3846153846154,1.0
5acd070dd3fe441bbb2ec1f1ede515ee,8,7,764.17,109.16714285714285,1.1428571428571428
5b07547f10dd980738a1a27f685af669,14,13,1134.6000000000001,87.27692307692308,1.0769230769230769
5b0cc932433fa5184b5b94bfe6bcc256,17,12,1437.8,119.81666666666666,1.4166666666666667
5b179e9e8cc7ab6fd113a46ca584da81,36,34,5173.5,152.16176470588235,1.0588235294117647
5b2e94f2c22b39ccc24d34ad0f669672,10,10,949.78,94.978,1.0
5b33b527da3c5b969cc99dc435cad09a,17,16,1872.79,117.049375,1.0625
5b35136197710e16ac5e7b7c2bd4ea85,9,7,3104.2000000000003,443.4571428571429,1.2857142857142858
5b51032eddd242adc84c38acab88f23d,14,12,3280.0,273.3333333333333,1.1666666666666667
5b581417df4480f632484ba681e53944,13,12,1790.6,149.21666666666667,1.0833333333333333
5b664594895aefb418afaee6d40a9a23,22,16,1008.8,63.05,1.375
5b67882648febfb6e1225e6ad7164f6b,30,27,6813.4800000000005,252.35111111111112,1.1111111111111112
5b8154610ebb21fb90eb587365e673df,41,38,9397.54,247.30368421052634,1.0789473684210527
5b85809efd0d0e4dea1a9544e1280ed9,14,12,1804.6000000000001,150.38333333333335,1.1666666666666667
5b925e1d006e9476d738aa200751b73b,63,63,7748.5,122.9920634920635,1.0
5b92bfa4120daa27c574daa2e386c693,1,1,14.0,14.0,1.0
5b97c06a046398e7005b2b7c0d707a92,4,4,1519.96,379.99,1.0
5bba18b40e8c973b0f32e748004775b0,1,1,739.98,739.98,1.0
5bc237df65098fe211bb4818f4d26d78,2,2,126.80000000000001,63.400000000000006,1.0
5bc24d989e71e93c33e50a7782431b0e,17,17,3148.0,185.1764705882353,1.0
5bc55dbe2f12b6af6d83ed46023e0dc8,21,17,2992.1,176.00588235294117,1.2352941176470589
5bf397d04035b5f45cc41e82ec106803,4,3,1525.0,508.3333333333333,1.3333333333333333
5bffbafbb22daf6d3bfc216a46db8708,23,21,5239.7,249.5095238095238,1.0952380952380953
5c030029b5916fed0986310385ec9009,10,7,4164.4,594.9142857142857,1.4285714285714286
5c243662ce92d84573bfaff24c3e3700,100,98,32862.02,335.32673469387754,1.0204081632653061
5c3460cd3e8a984382ae254e7dd20d9f,10,9,775.76,86.19555555555556,1.1111111111111112
5c603ffb38cbbf25a0e0698941324143,2,2,348.8,174.4,1.0
5c6d4016c2a288f074fa0848a2b653d2,35,32,3159.0,98.71875,1.09375
5c853bb56f70f4d14218944bae111d7a,24,23,263.13,11.440434782608696,1.0434782608695652
5ca5d579b5857ee8709479b1047cecc3,2,2,339.89,169.945,1.0
5cbbd5a299cab112b7bf23862255e43e,38,36,2726.06,75.7238888888889,1.0555555555555556
5cf13accae3222c70a9cac40818ae839,156,149,14383.2,96.53154362416107,1.0469798657718121
5cf1ec37aea089f45110c70653a166ab,3,3,50.0,16.666666666666668,1.0
5d0363b33554b373851fc1622e4d5f3c,95,94,6610.79,70.32755319148936,1.0106382978723405
5d043cd5512d4bd2f88e5ccdd5736c38,1,1,650.0,650.0,1.0
5d378b73ab7dd6f0418d743e5dcb0bd1,7,7,13243.0,1891.857142857143,1.0
5d3bb11474a06bdc23fb9e89f1164ee0,32,31,3654.6,117.89032258064516,1.032258064516129
5d505d2298ad549e4e4e835562fa0c1e,2,2,249.8,124.9,1.0
5d76d80a2f5f39c891b996a1bf4c9853,6,6,1238.5,206.41666666666666,1.0
5d9dc90a686a8fddacffab6bab5653a3,12,12,3761.94,313.495,1.0
5d9f3746e112e696f98ea22c56b3e912,1,1,1322.64,1322.64,1.0
5db42a6cd9bf1bf0d3aab9582767f168,1,1,200.0,200.0,1.0
5dc203c7b84a0e71e878a179de05fb9a,5,5,421.9,84.38,1.0
5dc4bdaf869e8c77c648078cbe8d59c2,1,1,292.99,292.99,1.0
5dceca129747e92ff8ef7a997dc4f8ca,346,325,112155.53,345.09393846153847,1.0646153846153845
5de1c80811ce7007f62f00d971236c09,2,2,76.8,38.4,1.0
5debea795b07621e1f90532e18f96145,33,25,1883.78,75.3512,1.32
5def4c3732941a971cba8fdee992ede1,6,5,134.8,26.96,1.2
5e063e85d44b0f5c3e6ec3131103a57e,1,1,22.9,22.9,1.0
5e105f5c9f63f5f1fd75d6cb942e55b1,8,8,1471.9,183.9875,1.0
5e106d93b717c2682b9383da480364a1,1,1,445.9,445.9,1.0
5e25c632f9db6cfb8bc100421c2737b6,1,1,259.0,259.0,1.0
5e49e3a44bdeb5aab2684258bbd4f525,3,3,507.0,169.0,1.0
5e9f5bd34e0830569f05c9d4f56e04a8,2,2,239.98,119.99,1.0
5ee7fd217d08dfe5d3e2f51f96a12c9a,9,9,1165.5,129.5,1.0
5eeb9c756d9780b96283e5a2ac6da334,9,9,2471.0,274.55555555555554,1.0
5ef131ac72773e5b3f6c0d63cf424657,11,10,575.79,57.57899999999999,1.1
5f0057b677eb963672bf05dfa3f16c34,5,5,312.88,62.576,1.0
5f06030071324cc52bf0304014ac7234,4,4,783.96,195.99,1.0
5f1dc28029d2c244352a68107ec2b542,78,62,2807.3,45.27903225806452,1.2580645161290323
5f2684dab12e59f83bef73ae57724e45,74,68,9000.87,132.36573529411766,1.088235294117647
5f26c1408a65b42a7224cd463bdf3292,10,10,1139.8,113.97999999999999,1.0
5f3ae9136c875522250f8184f253413a,46,43,1158.0,26.930232558139537,1.069767441860465
5f57db27027655e6c6a391601daa0258,1,1,98.0,98.0,1.0
5f5a58930c3c35f3b5af264f34fb8c85,3,3,560.0,186.66666666666666,1.0
5f5b43b2bffa8656e4bc6efeb13cc649,29,27,3677.2,136.19259259259258,1.0740740740740742
5f67c6082caacb26e431a7b17940cece,14,13,1662.6,127.89230769230768,1.0769230769230769
5f7300535881cef3b625fd683cf7d145,11,10,665.98,66.598,1.1
5fd924b4836098a5be0ecf81ba054ce0,8,7,1148.8,164.1142857142857,1.1428571428571428
602044f2c16190c2c6e45eb35c2e21cb,57,50,3739.16,74.7832,1.14
6025c79c035c3d772133b8b8238463b2,4,2,989.74,494.87,2.0
6039e27294dc75811c0d8a39069f52c0,75,64,13670.7,213.6046875,1.171875
60562ab00b8054280520d390c8c0045c,17,17,2943.0,173.11764705882354,1.0
6061155addc1e54b4cfb51c1c2a32ad8,33,28,15633.4,558.3357142857143,1.1785714285714286
606ce7768feac12c5e8bd58db8b08f0f,5,5,2916.6,583.3199999999999,1.0
609e1a9a6c2539919b8205cf7c4e6ff0,130,87,6595.23,75.80724137931034,1.4942528735632183
60ad151920c4f6f3ebbe8cfdf6166779,2,2,130.0,65.0,1.0
60da8bfa7eebe230b7d66ac4082d79b3,3,3,86.6,28.866666666666664,1.0
610f72e407cdd7caaa2f8167b0163fd8,17,16,13585.16,849.0725,1.0625
612170e34b97004b3ba37eae81836b4c,110,107,23065.02,215.56093457943925,1.02803738317757
612a743d294c27884fb7b80d2b19ba35,3,2,3057.7000000000003,1528.8500000000001,1.5
615005a3ef192c00c6f0e977cee3d2bc,11,10,286.5,28.65,1.1
615c3462099ffa940d37b17dfda19594,2,2,229.0,114.5,1.0
6179a28a13a726c29b3bf54c070dccab,2,2,600.0,300.0,1.0
6187a137b2af59dfdbad8d9f8c373c14,2,2,74.8,37.4,1.0
61b18775be84fb700a6b2d0ba097bf66,5,4,334.5,83.625,1.25
61b893c57e33626afb104d4112b1be76,1,1,74.99,74.99,1.0
61c36f0fc4a47f9532e5512b66668e62,1,1,750.0,750.0,1.0
61f159ef6da2d441951d2c0efa719362,3,3,154.97,51.656666666666666,1.0
620c87c171fb2a6dd6e8bb4dec959fc6,798,740,114774.5,155.1006756756757,1.0783783783783785
6219ba2359cfb97f2e38fd4c321eb309,6,6,487.5,81.25,1.0
6235903333ba7de1928c869e268e5964,1,1,94.06,94.06,1.0
623ad9d0c1e14bb5464a8c72bff7b4af,1,1,95.0,95.0,1.0
624f4ece8da4aafb77699233d480f8ef,55,53,9205.0,173.67924528301887,1.0377358490566038
626ab1cd96932367f0eeec2e47046c12,3,3,1310.0,436.6666666666667,1.0
62760d278921b5f352461620d68a9cee,3,3,397.0,132.33333333333334,1.0
6288c69c4ce638e59925e59193f98b16,22,22,4506.28,204.83090909090907,1.0
62c50c1af4dfdc4149d25c5222043d39,19,14,2785.7200000000003,198.98000000000002,1.3571428571428572
62d977e2b2aee830de3e039a28490d12,2,2,399.8,199.9,1.0
62de60d81c55c29d76a6bce418b31cef,1,1,103.0,103.0,1.0
630008e0f062605a415d694489f6f82e,3,2,105.15,52.575,1.5
63191ead8d3b2f937cd1996fdcbbad20,1,1,367.0,367.0,1.0
63272377184e969942f7fff221be858d,2,2,149.7,74.85,1.0
6338ea67c41078a46ad99cc009654956,44,37,2286.09,61.78621621621622,1.1891891891891893
633ecdf879b94b5337cca303328e4a25,6,6,1037.6000000000001,172.93333333333337,1.0
634964b17796e64304cadf1ad3050fb7,326,268,39465.1,147.2578358208955,1.2164179104477613
63704069d9bd3a75c1cf59babe56004a,1,1,59.3,59.3,1.0
638cba8be1fb599bbb76fd6948351eb3,26,17,598.1999999999999,35.188235294117646,1.5294117647058822
63a79f5a7eb5cb48a7e5787b141c7993,11,11,815.1,74.10000000000001,1.0
63b464dbf392c7b80d12d932fa7cafed,39,37,6781.0,183.27027027027026,1.054054054054054
63b9ae557efed31d1f7687917d248a8d,7,5,139.5,27.9,1.4
63bc58679c44e8a998792119fd7ad23e,1,1,19.9,19.9,1.0
63ffcb71394dd8ea3872ed9ffda17c74,17,17,399.0,23.470588235294116,1.0
640e21a7d01df7614a3b4923e990d40c,137,116,7598.88,65.50758620689655,1.1810344827586208
6426d21aca402a131fc0a5d0960a3c90,23,23,1209.64,52.593043478260874,1.0
643214e62b870443ccbe55ab29a4dccf,68,66,3270.13,49.54742424242424,1.0303030303030303
643c01d7c56a724bec0454f4780e8a3e,2,2,205.55,102.775,1.0
6481e96574816ead57975da2c0f6d80d,43,32,3324.9,103.903125,1.34375
64b87978a11c1ea7501a89eabe8c2c1a,7,7,489.92999999999995,69.99,1.0
64c9a1db4e73e19aaafd3286dc448c96,1,1,439.0,439.0,1.0
64cc804291f90c81f02bfc2bb58ff55a,2,2,517.6,258.8,1.0
651530bf5c607240ccdd89a30c9c9712,1,1,199.9,199.9,1.0
651fe66032c9520ee5587f694908040d,7,7,464.0,66.28571428571429,1.0
6524b847b982cd56bb5d4b02b776ee42,2,1,779.8,779.8,2.0
6548c2550b6e2d8f18053216e1c7b6f3,5,3,217.7,72.56666666666666,1.6666666666666667
655220df33262c7e0c4949a147366f94,15,13,2245.0,172.69230769230768,1.1538461538461537
6560211a19b47992c3666cc44a7e94c0,2033,1854,123304.83,66.50745954692557,1.0965480043149947
6561d6bf844e464b4019442692b40e02,1,1,41.9,41.9,1.0
6562efe88ce0826a4ca4f189f03b4b84,21,9,1135.8999999999999,126.2111111111111,2.3333333333333335
656591be56071d4c9ef4e5fee78a578a,11,7,1702.0,243.14285714285714,1.5714285714285714
6576fd3e23c88f0e5d4d23f39bba0542,1,1,14.5,14.5,1.0
657969cca82e884d272385ec0ef06edd,3,3,139.70000000000002,46.56666666666667,1.0
659e8466eb3ff1b0e8740d74fb7bbedd,14,11,1486.8,135.16363636363636,1.2727272727272727
65a7c0788e4d632ccb5e1b594b87f0bb,9,3,266.7,88.89999999999999,3.0
65b081a070633e057c462abdd6fb9dd8,20,19,1885.09,99.21526315789474,1.0526315789473684
65c255b299faf2d12050937cc219c46c,2,2,88.2,44.1,1.0
65febd49fd28ec955651299159b1f527,40,35,4319.7,123.42,1.1428571428571428
6601ee6383e7f452be71929f8de48bbb,2,2,153.6,76.8,1.0
6614814a00d344b846ae209f95ee7e3f,1,1,13.0,13.0,1.0
661ad5fcc28cdfb8bcadb12bb2272475,7,4,209.92999999999998,52.482499999999995,1.75
6624bc09786f0e41ae48dfc5eeb1a9e2,1,1,89.54,89.54,1.0
6650fcccd8cd2f7e55ffa524f30c4c59,3,3,529.7,176.5666666666667,1.0
666658b8da8370f30e1f89893b1de5e6,2,1,298.0,298.0,2.0
668bf321538e5072858eaef6087ce027,1,1,19.9,19.9,1.0
66922902710d126a0e7d26b0e3805106,156,151,14362.3,95.11456953642383,1.033112582781457
669ae81880e08f269a64487cfb287169,186,162,13248.87,81.78314814814816,1.1481481481481481
66d5ae34537110d3affc56174dad2b2f,3,1,33.81,33.81,3.0
66dc1b1632bd6a3e508510c5b3492107,42,37,3721.39,100.57810810810811,1.135135135135135
66e0557ecc2b4dbea057e93f215f68d8,31,31,12480.0,402.5806451612903,1.0
66fd84ee7528c0c0de85d0f44a73d5ab,21,11,1438.11,130.7372727272727,1.9090909090909092
670a9dda115b5a88b18cfadee8de2332,11,11,918.9000000000001,83.53636363636365,1.0
670c26e0f1bf8d0576271d5cfaec6d2b,87,78,6341.6,81.3025641025641,1.1153846153846154
671585f5a2af58b6e276bc01003c0d2b,27,27,1244.0,46.074074074074076,1.0
67225bff54a172ff67579aaf583efd78,8,8,1238.0,154.75,1.0
674207551483fec113276b67b0d871ff,1,1,119.9,119.9,1.0
6750d71153f00fc58829af2a8ef1bcf1,6,6,3514.0,585.6666666666666,1.0
67883baaae6134ee81b271a542613728,19,19,8167.9,429.8894736842105,1.0
679769a98cfcc6da877c8486ff1c13f3,21,21,7029.0,334.7142857142857,1.0
67bf6941ba2f1fa1d02c375766bc3e53,22,16,5610.0,350.625,1.375
67e43d802fde8cfd3f9580124f8167d1,3,2,36.0,18.0,1.5
6806dad1da97bfb5a9038eac6881f706,14,10,1477.0,147.7,1.4
681fce914360217db47784ae28905a96,24,23,4127.33,179.4491304347826,1.0434782608695652
6824a69c9ea0313eba299dd4a2dba09a,7,6,666.9,111.14999999999999,1.1666666666666667
685b870da5b52a710782c9c0fefbeb5b,2,2,627.0,313.5,1.0
6860153b69cc696d5dcfe1cdaaafcf62,84,74,3827.63,51.72472972972973,1.135135135135135
6861de0f40cacb0602e473c51639f980,8,5,674.0,134.8,1.6
686886775c8f6b1191c7b953fb52708c,1,1,189.0,189.0,1.0
6879c4d287a8dd06b11f54ea8f78e4da,6,6,527.67,87.945,1.0
688756f717c462a206ad854c5027a64a,101,83,5966.54,71.88602409638554,1.216867469879518
68ca56ce86830f3d31b1b7ec6a54da3e,6,6,719.59,119.93166666666667,1.0
68f86ba270525243e68ae74044f992b9,12,11,876.5,79.68181818181819,1.0909090909090908
6902157ee16728322d61a1321fa79e58,2,2,159.8,79.9,1.0
693660429f9dc4ff704eb3d88dad54d7,2,2,124.0,62.0,1.0
695051e2981c8b19e77cafe450d5bdf3,1,1,169.76,169.76,1.0
6973a06f484aacf400ece213dbf3d946,115,95,11011.05,115.90578947368421,1.2105263157894737
698624c6632eeba1774924dbea24c700,1,1,19.9,19.9,1.0
6989574bd97d9773f10d232b6c07da59,7,7,2478.3999999999996,354.0571428571428,1.0
698f5fa55a5f73d0740e9d9a773e8093,6,4,120.0,30.0,1.5
69a43819c758c65a5befb0b471c954d7,3,2,299.85,149.925,1.5
69b5eaa096c3f9d1e5c398c597f567d6,2,2,938.0,469.0,1.0
6a0cbc8af2e8abd1bdfb777943d174c6,35,35,3894.05,111.25857142857143,1.0
6a3139c7bf09ece22a4713d956acbe5e,1,1,61.9,61.9,1.0
6a38087bc8ad4f89ff453561005f6dea,22,15,1833.43,122.22866666666667,1.4666666666666666
6a51fc556dab5f766ced6fbc860bc613,33,26,7577.67,291.44884615384615,1.2692307692307692
6a53b90c3ad9e0b56d9fe5c69165fff5,4,2,139.78,69.89,2.0
6a8a889bde935bafa76d7848782dfaf9,30,26,860.8199999999999,33.10846153846153,1.1538461538461537
6a8b085f816a1f75f92dbac6eb545f8f,135,127,6018.97,47.39346456692913,1.062992125984252
6aa3928696eab49a19a466e665a649fd,22,18,2075.0,115.27777777777777,1.2222222222222223
6b15924333bd1a741595fe981ea04822,21,21,614.3199999999999,29.25333333333333,1.0
6b1c4d4d9ccf0be3d8544eb0e71e5318,1,1,1699.0,1699.0,1.0
6b243f80ed07b10f0e8aa0f21a205f3c,89,79,6260.1,79.24177215189874,1.1265822784810127
6b2612338467c08c9b25f0cc55b1578d,1,1,92.9,92.9,1.0
6b333a05bf188ef3e1f1662a86bd9855,13,12,3990.91,332.5758333333333,1.0833333333333333
6b3bd31ad8fcda4b2635ec9f3ff2ecdf,43,36,4198.9,116.6361111111111,1.1944444444444444
6b536a23086fba0d58c08d68814397f6,23,19,2068.8,108.8842105263158,1.2105263157894737
6b803197e03abd5056b4313306b4f29d,12,7,407.0,58.142857142857146,1.7142857142857142
6b89abe95848c850399130d149a39b63,8,8,1135.2,141.9,1.0
6b90f847357d8981edd79a1eb1bf0acb,47,45,3322.08,73.824,1.0444444444444445
6b9b80d53ba3676eafe60268a810b5a1,10,10,882.7,88.27000000000001,1.0
6ba4733aa33f6386e9fb0c0fd3993b38,3,3,149.79,49.93,1.0
6bb0724edf0b62fb91ac404873a97241,18,17,3653.0,214.88235294117646,1.0588235294117647
6bb62a4912377c7bfe7cb17b406bc7e6,6,4,739.52,184.88,1.5
6bb66d9870c2e01c05655c7ed0e7ee13,3,3,269.0,89.66666666666667,1.0
6bbcb8924baf70b7fe2fe2097e8cd407,11,10,2382.5,238.25,1.1
6bcb2352a2a0c38b845f598298ab9d26,2,2,31.8,15.9,1.0
6bd503a8230299c9316fb0f726933927,5,4,324.28999999999996,81.07249999999999,1.25
6bd69102ab48df500790a8cecfc285c2,5,5,8070.0,1614.0,1.0
6bef34c5be6f2bbd70aa5165f6df94b1,2,2,1198.0,599.0,1.0
6c12e40690c335dbc2f68a4134d30dc1,18,16,9139.2,571.2,1.125
6c177e38df6d3f34182b1f1d427231bf,56,55,8341.89,151.67072727272725,1.018181818181818
6c17baf138731a4aaacc3210adf2037b,5,4,538.8,134.7,1.25
6c1b6d0c604b776f844125f911eb7377,5,5,443.06,88.612,1.0
6c6cc59a5c00cacc5054ca06d65cc282,1,1,1107.0,1107.0,1.0
6c6e3d67f969468f3bfd33f827a31222,6,5,224.0,44.8,1.2
6c77cd583b36a13aacccf2b3ee23e233,1,1,18.9,18.9,1.0
6c7d50c24b3ccd2fd83b44d8bb34e073,128,114,8699.34,76.31,1.1228070175438596
6c9875b2f94ba781186f0c1aed8d1687,4,2,25.0,12.5,2.0
6c99c983ce3b6ba0ab813e6790e81691,9,9,546.75,60.75,1.0
6cd68b3ed6d59aaa9fece558ad360c0a,157,149,11188.57,75.09107382550336,1.0536912751677852
6cf476a4ca74498db55cbccdaa9dcfb6,7,6,939.9300000000001,156.655,1.1666666666666667
6d04126aba80df143fd038e711b8fd96,1,1,89.99,89.99,1.0
6d1b9c9579132c87d2703ec38c30f2c5,4,4,299.69,74.9225,1.0
6d22a1fcebb6dd08c9cd90b92a93e8d0,13,12,723.7,60.30833333333334,1.0833333333333333
6d2f2e3b539480db1e0842b3a4e32e6e,6,3,305.96,101.98666666666666,2.0
6d66611d7c44cc30ce351abc49a68421,176,166,13593.4,81.88795180722892,1.0602409638554218
6d7f8d9d594e28796b6b3205b00f459c,3,3,417.9,139.29999999999998,1.0
6d803cb79cc31c41c4c789a75933b3c7,66,58,8711.4,150.19655172413792,1.1379310344827587
6d988d6174a2c27441597174f8905515,23,19,371.73,19.564736842105265,1.2105263157894737
6da1992f915d77be95d7fa48b36904af,9,7,261.0,37.285714285714285,1.2857142857142858
6dc9bec584588412a6a338830946a3e4,2,2,560.0,280.0,1.0
6dd7dce75cd55c1ce255dc38d9f0cd46,1,1,75.0,75.0,1.0
6ddc28b61be28373b4503a1f61cf98a9,11,11,1732.9,157.53636363636363,1.0
6df688df543f90e9b38f4319e75a9d88,56,40,1949.96,48.749,1.4
6e0908ef4d4efadbc3cc2b74ea477cb0,11,8,589.4499999999999,73.68124999999999,1.375
6e13dd869aa7185f601c941423abcc8f,6,5,522.0,104.4,1.2
6e1862e15f33d9994bc25922a85e1efc,14,8,732.49,91.56125,1.75
6e2d3e2dc84fb30f6078f39dd3bddd6f,1,1,219.0,219.0,1.0
6e386f64c84e482f0b9abf960797ee1b,30,30,12938.3,431.27666666666664,1.0
6e4a902d1054e4e17aa6eab87fac1c75,8,7,586.57,83.7957142857143,1.1428571428571428
6e4f5ff6b086632ba8dcb558fb10249e,5,5,838.9,167.78,1.0
6e85dc5ecd97a61094b89b046a509d8e,1,1,169.9,169.9,1.0
6e864f5c4669eff3d98140a07cc50202,13,13,740.59,56.96846153846154,1.0
6eb94e1466490d327a09abf8f3552a50,10,10,1511.95,151.195,1.0
6ebf4eceee4dd9847201c82e77ef8123,1,1,59.9,59.9,1.0
6ec1a01e866584bb679eb9b098345919,32,31,4248.91,137.0616129032258,1.032258064516129
6edacfd9f9074789dad6d62ba7950b9c,219,208,13147.1,63.20721153846154,1.0528846153846154
6ee85be3693ed79a8e80718743d80655,13,9,484.5,53.833333333333336,1.4444444444444444
6eeed17989b0ae47c9f11ece6f38ea90,3,3,557.0,185.66666666666666,1.0
6f1a1263039c76e68f40a8e536b1da6a,7,4,256.39,64.0975,1.75
6f229cc508fc6915ed5c499efd93baa4,14,13,2654.8,204.21538461538464,1.0769230769230769
6f835fd4be26989b1b064399da346143,2,2,197.8,98.9,1.0
6f83d9e4da896daae20b9b6b2d3ff8d2,11,11,765.19,69.56272727272727,1.0
6f892e20a171e98efe17fdb971ff319b,53,44,6438.700000000001,146.33409090909092,1.2045454545454546
6fa9202c10491e472dffd59a3e82b2a3,3,3,7014.24,2338.08,1.0
6fc26fe110feebd80a433e1f012a84f9,72,35,4150.87,118.59628571428571,2.057142857142857
6fd52c528dcb38be2eea044946b811f8,84,67,7743.0199999999995,115.56746268656715,1.2537313432835822
7008613ea464bad5cb9b83456e1e6a8f,156,127,7777.0,61.23622047244095,1.2283464566929134
700f03c207639c22d933381ff60b35c2,4,4,1189.8600000000001,297.46500000000003,1.0
70125af26c2d6d4ef401a1d02ae7701f,8,5,371.2,74.24,1.6
70126eecc6aa1274392a1743866e9678,3,3,97.39999999999999,32.46666666666666,1.0
701938c450705b8ae65fc923b70f35c7,112,75,11983.28,159.77706666666668,1.4933333333333334
702835e4b785b67a084280efca355756,1,1,7.6,7.6,1.0
7040e82f899a04d1b434b795a43b4617,228,212,9738.2,45.93490566037736,1.0754716981132075
70849ca4f400aaabb62cb7462a6f1428,12,12,909.58,75.79833333333333,1.0
709e16e2b25c7474d980076c6bfc4806,80,60,5151.9,85.865,1.3333333333333333
70a12e78e608ac31179aea7f8422044b,328,315,30858.53,97.9635873015873,1.0412698412698413
70b52a4cfc823994561b00bad161b4ed,10,8,585.0,73.125,1.25
70bf57d811208f8923b41bbd499a67a4,7,7,780.8000000000001,111.54285714285716,1.0
70c0fda4c313d87115644d39e62eec60,1,1,25.99,25.99,1.0
70c27847eca8195c983ed7e798c56743,98,77,12077.52,156.85090909090908,1.2727272727272727
70c4eedec9cb4a85cda2f3f9673557b4,2,2,479.8,239.9,1.0
70ee69419916dc13e3aed619061f996c,1,1,45.0,45.0,1.0
70eea00b476a314817cefde4aad4f89a,114,108,31994.649999999998,296.24675925925925,1.0555555555555556
70f7e8018e3d46c748c92f026aa2585a,2,1,239.8,239.8,2.0
70f84699be677ec988d1fa824aef7d90,5,5,1588.3,317.65999999999997,1.0
71039d19d4303bf9054d69e9a9236699,38,35,3537.2,101.06285714285714,1.0857142857142856
710e3548e02bc1d2831dfc4f1b5b14d4,142,136,23979.11,176.31698529411764,1.0441176470588236
71271995e85f5b8530be99ed54a91b89,8,8,776.0,97.0,1.0
712e6ed8aa4aa1fa65dab41fed5737e4,87,79,39815.0,503.9873417721519,1.1012658227848102
712efd3b68f9686dc856b84abd0f21ae,1,1,139.0,139.0,1.0
7139dc5186aa238b006e066d8fbab2e4,24,22,1712.0,77.81818181818181,1.0909090909090908
713e3a23ca5e47786eb6f0d99f94cfac,4,4,1126.0,281.5,1.0
7142540dd4c91e2237acb7e911c4eba2,331,319,37373.56,117.15849529780563,1.0376175548589341
714b9a1332840f257b49f476bea4e341,6,6,1499.94,249.99,1.0
71592660bbcb6a4664e97b6f8b68babc,7,6,2027.18,337.86333333333334,1.1666666666666667
71593c7413973a1e160057b80d4958f6,5,2,299.5,149.75,2.5
715bbd5ba4e6b74cb0d2f29eb45058b0,64,62,4043.3,65.21451612903226,1.032258064516129
7178e1eaa97257d8b6d4b80efd77a025,1,1,167.9,167.9,1.0
7178f9f4dd81dcef02f62acdf8151e01,216,203,37070.4,182.6128078817734,1.064039408866995
717b78b0950b51ed00b1471d858b0edc,5,5,138.6,27.72,1.0
718539d38d07dd351c76db862760e2e2,45,37,1318.9,35.64594594594595,1.2162162162162162
71dc18fd8cbf5fd77f45dd8b427abb34,9,4,1080.0,270.0,2.25
7202e2ba20579a9bd1acb29e61fe71f6,55,53,12750.5,240.5754716981132,1.0377358490566038
720e6cf846ea7572cbb66b743fb91e6c,1,1,54.0,54.0,1.0
7210cd29727d674c00741e5e387b3ccd,13,9,729.0899999999999,81.00999999999999,1.4444444444444444
72146da5774cabf2632faedcae097a76,6,4,200.94,50.235,1.5
7238a95bb63ef7e498389fb863b834a1,15,15,2265.7,151.04666666666665,1.0
7238f877570096ae403c51898fa64566,3,3,1200.0,400.0,1.0
723a46b89fd5c3ed78ccdf039e33ac63,1,1,66.64,66.64,1.0
723cd880edaacdb998898b67c8f9da30,12,11,2136.5299999999997,194.23,1.0909090909090908
72431a818f97fe6ab9c81eee3e297e54,1,1,229.9,229.9,1.0
725af026f869236a8dd0ceb98564d156,8,7,1177.71,168.24428571428572,1.1428571428571428
725c32fa80c2faacc4fc88450d27314e,93,89,7838.88,88.07730337078652,1.0449438202247192
7299e27ed73d2ad986de7f7c77d919fa,361,338,34725.43,102.73795857988166,1.0680473372781065
729b2d09b2a0bdab221076327f13d050,61,49,1822.11,37.185918367346936,1.2448979591836735
729f06993dac8e860d4f02d7088ca48a,115,96,20485.079999999998,213.38625,1.1979166666666667
72bc2cce903c872fe376a8faaa81d237,18,17,2149.2,126.42352941176469,1.0588235294117647
72c38a04bd6a1c3dbc5298425a0db86d,5,4,647.3,161.825,1.25
72c5da29406b4234927b81855e7b64f6,31,31,11798.69,380.6029032258065,1.0
72c73be2b085b9d57650dd53eb2004c9,1,1,29.4,29.4,1.0
730937bf88cb151eb2eb849f642fc213,26,22,2821.2,128.23636363636362,1.1818181818181819
7315baebc0572ff220d226283dc66728,2,2,49.849999999999994,24.924999999999997,1.0
731ef20c231d9a7103a425e83fd91271,3,2,1692.0,846.0,1.5
734def04b237117a09321dd6d8f3f2a2,2,2,1252.43,626.215,1.0
7354220fb240bde543b3c40c060d41e7,7,7,672.0,96.0,1.0
7357b52d27cbaa90f81a96cbc1279396,12,12,1328.02,110.66833333333334,1.0
739c7d7be81f63812dea0d1b1451c651,2,2,77.5,38.75,1.0
73a63f72308aa20a46f4b1632018f196,41,29,9606.8,331.2689655172413,1.4137931034482758
73b8eb4a9a729d4019b24ed1be748cbf,8,8,692.41,86.55125,1.0
73da1880b39c71de2b262bc7720c1494,2,2,398.0,199.0,1.0
740205fedfe4e90ca6857bc77db0f2b4,1,1,229.9,229.9,1.0
7402d13c03a7e91366337cd1de471144,4,4,528.38,132.095,1.0
741f8c587cb4248ebc5b779a0e8e0e51,5,5,89.95,17.990000000000002,1.0
744dac408745240a2c2528fb1b6028f3,84,79,22490.6,284.6911392405063,1.0632911392405062
74636e24f01da9268b0ed88dacd8513e,4,4,776.0,194.0,1.0
747c1cdcd1737dcfbd1547f6eb6f2cf3,2,2,193.1,96.55,1.0
747e73c01a4593d4cf60dcf970fd2689,3,3,2217.99,739.3299999999999,1.0
74871d19219c7d518d0090283e03c137,7,6,550.04,91.67333333333333,1.1666666666666667
7494d0dcba8551df6cf37f1b905dc2f7,1,1,45.9,45.9,1.0
749e7cdabbaf72f16677859e27874ba5,1,1,41.9,41.9,1.0
74a9b9bddf14ece02beb81f52c41a88d,2,2,95.0,47.5,1.0
74bafed391319577bce6f4d2acc0589a,3,3,1847.0,615.6666666666666,1.0
74c7dec0a384d8a05950e629bd23bde9,5,5,187.68,37.536,1.0
750303a20e9c56b2a6bc45cdce0b897d,57,54,8085.0,149.72222222222223,1.0555555555555556
751bdc4d83a466c7206cd42e8f426b03,71,54,6648.93,123.12833333333334,1.3148148148148149
751e274377499a8503fd6243ad9c56f6,2,1,218.0,218.0,2.0
75745ef7bc7d4f3ea3380f6f5303f514,3,3,228.4,76.13333333333334,1.0
7586919161935337bf6b6d7ff5779648,18,11,1664.71,151.33727272727273,1.6363636363636365
75a4764c108403a7a0575140cb22287c,9,5,716.9,143.38,1.8
75d34ebb1bd0bd7dde40dd507b8169c3,72,62,15048.28,242.7141935483871,1.1612903225806452
75fbb52eda0cbc24f479d3b2fbfa8d3e,43,40,1130.99,28.27475,1.075
75fdd0a732287f9497b179f6bd445d32,1,1,59.9,59.9,1.0
761681a821d8275bc79f552116d06869,3,3,354.92,118.30666666666667,1.0
762ed976527cddf02787edba70fffa2a,4,3,179.8,59.93333333333334,1.3333333333333333
762fafdaa57a532ee0119731697579dd,5,5,206.7,41.339999999999996,1.0
76623fde66e6b63b59440fd34160512d,3,3,65.4,21.8,1.0
7681ef142fd2c19048da7430856b5588,77,59,31941.81,541.3866101694915,1.305084745762712
76833248bbc0e65a0293ec62023e4396,2,2,2399.98,1199.99,1.0
768a86e36ad6aae3d03ee3c6433d61df,17,17,587.46,34.5564705882353,1.0
768de2a4fc06aacecb9a586ccc30746a,14,14,475.59999999999997,33.97142857142857,1.0
76c47a299e4a8fe992316a85865acbe9,10,6,1024.46,170.74333333333334,1.6666666666666667
76d336555bb25f3165d2f0d6da719c40,2,2,330.0,165.0,1.0
76d5af76d0271110f9af36c92573f765,159,131,33461.6,255.43206106870227,1.213740458015267
76d64c4aca3a7baf218bf93ef7fa768d,69,64,16911.8,264.246875,1.078125
76de363de16dacc923eec8daf91df504,2,2,360.0,180.0,1.0
76ea5315acb3f5f7ade3cd261faf922a,15,15,1087.06,72.47066666666666,1.0
77128dec4bec4878c37ab7d6169d6f26,1,1,6.5,6.5,1.0
7722b1df1b0e383e000397b2c11e3e19,145,134,7094.09,52.94097014925373,1.0820895522388059
77530e9772f57a62c906e1c21538ab82,389,320,46610.4,145.6575,1.215625
77714512e8d4dda9c234da8e3faf16e4,6,4,243.39999999999998,60.849999999999994,1.5
777a0c55737f34ffeb78010f7542ab41,6,6,452.5,75.41666666666667,1.0
778323240ce2830d68aab11794e00bfb,3,3,189.98000000000002,63.326666666666675,1.0
77a515caa36327151d1cc6c32a9f00e1,26,26,2217.39,85.28423076923076,1.0
77dcbb67ccb3659bd58eaf5661560a30,2,2,984.0,492.0,1.0
77e4abfd739aed9c46480f90f81c0eb4,18,18,3736.99,207.61055555555555,1.0
77fccaae319668a8ab6cd0fd16aec48c,12,11,1667.0,151.54545454545453,1.0909090909090908
7813ea3ebd9411dc600b4dd01f7a97b9,9,9,1599.4,177.7111111111111,1.0
7816cd9c5b1238e320545f5bf7eb80e8,1,1,489.0,489.0,1.0
781a66c0d89e30814d49fe8b5e14cd07,1,1,115.0,115.0,1.0
782f78b632a43875dd5b53e3e49c9564,3,2,146.01,73.005,1.5
784ba75dd9d20200c4caed3d7a77141a,24,21,8295.13,395.00619047619045,1.1428571428571428
78744a20ee2f80ba64f6804c25def2b8,6,6,2715.0,452.5,1.0
78813699ffac347fe27dba345a5f1551,1,1,152.42,152.42,1.0
788e857f317e53de488d393e65a80f45,11,11,1210.0,110.0,1.0
788f22bafdd7ab0e1e79f19db72f16a4,2,2,125.80000000000001,62.900000000000006,1.0
78a4d36f65a019172c6154468831a69f,7,7,1545.5,220.78571428571428,1.0
78ba5933c21686d1c2f64669c8c459e7,2,2,191.8,95.9,1.0
78c99c6dff4eeae5be99bf635ed21e3f,39,31,2030.88,65.51225806451613,1.2580645161290323
78ef7e885d17f35e2382a47aae8b8cce,3,3,388.0,129.33333333333334,1.0
7901646fdd36a55f564ffaf2dbccaaf7,27,22,11857.08,538.9581818181819,1.2272727272727273
791cfcfe22fe4a771ece27f90017da92,2,2,596.26,298.13,1.0
79565f7d5603b24ddf07ade262547f2f,8,8,385.0,48.125,1.0
7957cac1a02f45d0a4a7e45626382ec2,1,1,343.0,343.0,1.0
7963e546f34e098b578f9ad102494601,1,1,60.99,60.99,1.0
7994081388d55b9cf976c050653dd359,6,2,1020.0,510.0,3.0
7994b065a7ffb14e71c6312cf87b9de2,7,5,453.0,90.6,1.4
79a679c36c08d606b3fd47ead9de109b,7,3,935.0,311.6666666666667,2.3333333333333335
79b93a308a97792cf53ac75f46da00b5,1,1,99.9,99.9,1.0
79ebd9a61bac3eaf882805ed4ecfa12a,143,136,15092.79,110.97639705882354,1.0514705882352942
79ed755314cfe6df0daef2c6cd3022cd,25,23,3907.5,169.8913043478261,1.0869565217391304
79ee721b6f766066a80264402548d359,2,2,538.0,269.0,1.0
7a073a40a9d3f1fee8bc45670ea1e909,1,1,95.0,95.0,1.0
7a188843479798ca813108fa7b959286,3,1,149.7,149.7,3.0
7a241947449cc45dbfda4f9d0798d9d0,72,62,8027.63,129.47790322580644,1.1612903225806452
7a2d2949aea47fab95fd98d6c9f618b1,12,11,1638.99,148.9990909090909,1.0909090909090908
7a425d299613df3e613bcf9d2eaf5c49,18,18,1218.8,67.71111111111111,1.0
7a67c85e85bb2ce8582c35f2203ad736,1171,1160,141745.53,122.1944224137931,1.0094827586206896
7a704e63bb29c446869efde5d57524c8,1,1,94.49,94.49,1.0
7a91bf945c6fae0779f1c61ce97fe45c,5,5,799.5,159.9,1.0
7a9c12e235c36247c3c81f50d6ea9cea,5,5,983.9,196.78,1.0
7aa4334be125fcdd2ba64b3180029f14,240,217,16234.81,74.8147926267281,1.1059907834101383
7aa538dd6e114e503a2e6154ea352253,5,5,1016.6800000000001,203.336,1.0
7ab0dd5487bab2dc835337b244f689fb,1,1,12.5,12.5,1.0
7ad32824caee82087b3e2e5f33b1bf32,184,151,22505.1,149.04039735099337,1.218543046357616
7ad41305e96a6cab8294cd65891e9a86,2,2,180.0,90.0,1.0
7adbd3210a7b3cc2235e225eef33574d,3,3,131.9,43.96666666666667,1.0
7ade73f1b9b4e965f9009a4c3a7e2c15,28,27,1880.3000000000002,69.64074074074075,1.037037037037037
7b07b3c7487f0ea825fc6df75abd658b,98,93,9731.85,104.64354838709677,1.053763440860215
7b0df942f46435babab05d49b744b2c4,32,32,22600.63,706.2696875,1.0
7b1222c3624aa89b9558b50a2594188c,22,22,10103.52,459.2509090909091,1.0
7b3447b497e55af8c15fc7bd89d7b81a,1,1,49.9,49.9,1.0
7b3f6ce5c6c22e9b96e7581ebf0df6e1,1,1,29.8,29.8,1.0
7b7ed56ae755e2880f2b69632e839c1e,5,5,321.5,64.3,1.0
7b7f91e98f8c6def45a1407923304402,14,11,417.47,37.95181818181818,1.2727272727272727
7b8e8ec35bad4b0ef7e3963650b0a87b,5,5,2244.2799999999997,448.85599999999994,1.0
7b98de631987e26dd6d803490c43a13c,8,8,634.2,79.275,1.0
7bac63f6603d382cc8d0832eb6c100a8,19,19,7751.95,407.9973684210526,1.0
7bb8fac2913a6064ec412e583c6d8b4d,1,1,109.0,109.0,1.0
7bcd7c5f8631701474db233ccf1c094b,11,11,666.0,60.54545454545455,1.0
7c1fea10b5b006671d608b1d7c446ec4,14,14,423.59999999999997,30.257142857142856,1.0
7c4402417d51474d4d0cda9557340e40,1,1,119.9,119.9,1.0
7c4618c82226628831613e95e9c22f44,13,13,333.92999999999995,25.686923076923073,1.0
7c462184585ae80bd6e5774c62ce50f2,2,1,60.0,60.0,2.0
7c4adcc13272c0e26fa23aac642adb7b,2,2,135.0,67.5,1.0
7c51de0ab286204ce75ff42bf7c10d92,4,4,759.0,189.75,1.0
7c5b05cbdb5542049f38d90d7815b97d,24,22,1038.96,47.22545454545455,1.0909090909090908
7c67e1448b00f6e969d365cea6b010ab,1364,982,187923.89,191.3685234215886,1.3890020366598779
7c9130f5f3729edd32aa059141d92484,4,3,126.0,42.0,1.3333333333333333
7caa63f175b1cecbfaadd8b5ab9998c7,2,2,39.8,19.9,1.0
7cb946b1ad19faebe28c3e86c2794ec3,1,1,25.0,25.0,1.0
7cf4ea70955b00d6b3c22542598e2715,1,1,189.9,189.9,1.0
7d13fca15225358621be4086e1eb0964,578,565,113628.97,201.11322123893805,1.023008849557522
7d294cf9a6a69dc6a0c3e540fff0e039,5,5,257.25,51.45,1.0
7d456afc660226829370f3173d14520c,91,56,8338.25,148.89732142857142,1.625
7d484ca289afaac6bf5fc6a1e96d2226,2,2,183.2,91.6,1.0
7d76b645482be4a332374e8223836592,187,176,3843.93,21.840511363636363,1.0625
7d7866a99a8656a42c7ff6352a433410,5,5,147.89,29.577999999999996,1.0
7d7d2b7a51328016102d4528c411d630,7,7,918.8,131.25714285714284,1.0
7d81e74a4755b552267cd5e081563028,1,1,32.5,32.5,1.0
7d948535954aaf8c5d39db007f74372e,4,4,194.0,48.5,1.0
7daca0837f033a41a6f3428c18657533,7,7,1228.98,175.56857142857143,1.0
7dc8c42cc750eeafea6c85712ffee9bf,50,41,6409.68,156.33365853658538,1.2195121951219512
7dc9a3355bae96dd82008b313d3a456c,1,1,899.0,899.0,1.0
7ddcbb64b5bc1ef36ca8c151f6ec77df,343,334,55578.57,166.40290419161676,1.026946107784431
7dea6f73af847b42cc3985bd620f994d,2,2,324.0,162.0,1.0
7df1fc11cc5cbc518b39faa60cf5d67c,5,5,1037.6,207.51999999999998,1.0
7e1fb0a3ebfb01ffb3a7dae98bf3238d,174,159,27349.53,172.00962264150942,1.0943396226415094
7e26c750b4cb9f6766f58265ff9ebe95,27,23,1344.3,58.44782608695652,1.173913043478261
7e3dde9ffba72d5340f9aaf09b4424be,1,1,220.0,220.0,1.0
7e3f87d16fb353f408d467e74fbd8014,94,92,4754.99,51.684673913043476,1.0217391304347827
7e79d65b5c6f1f544b7daea036acf720,4,4,517.8,129.45,1.0
7e93a43ef30c4f03f38b393420bc753a,340,336,176431.87,525.0948511904762,1.0119047619047619
7e959205cebc10adefcb331f934238a4,2,2,513.9000000000001,256.95000000000005,1.0
7ea5bfa6c340f58f8e71fc1f0412b0d6,104,98,11002.89,112.27438775510204,1.0612244897959184
7ecd59e5e20407131822c1a68ac59c1f,29,24,1466.71,61.11291666666667,1.2083333333333333
7ecef8194babfec876ca720714327841,8,7,990.5,141.5,1.1428571428571428
7f02656561b680def9986c0795a8a080,2,2,84.0,42.0,1.0
7f152321c60a266edc53af1925ef96c1,20,20,3919.8,195.99,1.0
7f2617c58d5d06806987308b45654351,23,22,3656.8,166.21818181818182,1.0454545454545454
7f35f9daf223da737b78738fbae4d977,5,5,252.0,50.4,1.0
7f40d06aa0b5f1aa4f41af8c0480e2ef,6,6,1309.94,218.32333333333335,1.0
7f5e4d5efad7e44b91115dd1decb65f3,9,3,179.9,59.96666666666667,3.0
7f7b8245c336066a1f9933c359f11d77,43,38,2094.36,55.114736842105266,1.131578947368421
7fc87cc3e89b3d1d5cabdca32f8485aa,14,14,2153.9,153.85,1.0
7fdb0720c8d7c9075538b365dc8c3a22,10,9,1804.0,200.44444444444446,1.1111111111111112
7fe21dd00d2f4943ae09525efa2fd674,4,4,299.6,74.9,1.0
7ff588a03c2aeae4fbd23f9ae64b760d,16,14,1182.2,84.44285714285715,1.1428571428571428
800214c63934acd05d47e84214db8ba8,4,4,259.6,64.9,1.0
80146bc52c4f6af5239b23de2a20262b,2,1,27.1,27.1,2.0
804287717b9156fb7a787acd9af4fac1,1,1,18.8,18.8,1.0
8060d731897e33b5c5ae575ce1e209e1,5,5,199.5,39.9,1.0
808d4348b916efa08e766ebad39f61eb,21,21,731.1,34.81428571428572,1.0
8090490573c6c0aa343a7231ebcb8c86,26,26,3871.1200000000003,148.88923076923078,1.0
809413606dbfe5deefd2db646693ef67,5,3,196.68,65.56,1.6666666666666667
80ceebb4ee9b31afb6c6a916a574a1e2,1,1,6729.0,6729.0,1.0
80cfd480be3eb6d6267139f5cb793555,1,1,99.9,99.9,1.0
80e6699fe29150b372a0c8a1ebf7dcc8,100,98,11441.56,116.75061224489795,1.0204081632653061
80f2cf9abf6b5a0e5c612b5eea6646e6,7,7,766.08,109.44000000000001,1.0
8132b9bd16876e1b0f8808d43825dd48,3,2,727.9,363.95,1.5
813348c996469b40f2e028d5429d3495,202,179,11205.83,62.60240223463687,1.1284916201117319
81336a0f57a33776419727a300249e90,19,16,1374.8500000000001,85.92812500000001,1.1875
8160255418d5aaa7dbdc9f4c64ebda44,431,385,47017.69,122.12387012987014,1.1194805194805195
817245bcc3badd82bbd222e0366951a6,45,29,5580.5,192.43103448275863,1.5517241379310345
81783131d2a97c8d44d406a4be81b5d9,15,13,1782.54,137.11846153846153,1.1538461538461537
817f85dbb65aa3e70831d90fe75cdf89,11,11,1552.27,141.11545454545455,1.0
8185694b58b2ba6de20fd41ae608bbea,8,8,1372.3,171.5375,1.0
818d28f936e791926d33bcb6ee94ef79,5,5,139.5,27.9,1.0
81a1104df0f08b59c68aa5b03cfe398e,73,73,9420.880000000001,129.05315068493152,1.0
81ed90f07c0bacb7594940ba2ef676aa,2,2,223.9,111.95,1.0
81f89e42267213cb94da7ddc301651da,52,46,3955.0,85.97826086956522,1.1304347826086956
820c7c9eaf76d2b226b6c242bcf3f34d,1,1,559.0,559.0,1.0
820cc752a266cdc6c1a1e61dd4583330,15,15,2802.7999999999997,186.85333333333332,1.0
821fb029fc6e495ca4f08a35d51e53a5,29,28,19187.42,685.265,1.0357142857142858
822166ed1e47908f7cfb49946d03c726,108,69,3714.83,53.838115942028985,1.565217391304348
822b63912576852aea9a8436d72317b7,9,8,4905.6900000000005,613.2112500000001,1.125
822bad9bc42b51213ba522fe87b7ab5d,18,18,5160.0,286.6666666666667,1.0
827f8f69dfa529c561901c4f2e0f332f,104,91,3408.39,37.45483516483517,1.1428571428571428
82921991ff5b557b045605b8bbf08d49,1,1,18.9,18.9,1.0
82bd0703a4aefd6b599e5bfdaed378fb,24,21,2692.28,128.20380952380953,1.1428571428571428
82cb9f452fe8334df74b22d37824b431,18,14,838.2,59.871428571428574,1.2857142857142858
82e0a475a88cc9595229d8029273f045,80,42,10930.02,260.23857142857145,1.9047619047619047
830379336fad8c6f3b15a4a3ddb5c66e,4,2,268.0,134.0,2.0
83353a83fd769dfafa4f21a72b15e3e5,5,5,579.5,115.9,1.0
834f3294fba9f932f56edc879193f925,66,66,39907.5,604.6590909090909,1.0
834f8533b2ecb6598dd004ff3de7203a,47,43,4538.29,105.54162790697674,1.0930232558139534
835f0f7810c76831d6c7d24c7a646d4d,50,44,5130.0,116.5909090909091,1.1363636363636365
83645b1645cdee8953ee54c29ceed564,14,14,978.9,69.92142857142856,1.0
8378eb36b6b70c5734e83ad7b8cdc3b7,13,7,1714.8,244.97142857142856,1.8571428571428572
83a75eea11694e36e56dd0cb2240229a,3,3,487.0,162.33333333333334,1.0
83b08de96980757220871b31bf6cffca,7,5,1304.17,260.834,1.4
83c465a786b06574376909b35ef6752a,3,3,281.4,93.8,1.0
83c8aafbefb034674a70de0eac5b8954,2,2,134.9,67.45,1.0
83d458c0d6d4f94295d63f091460bd60,1,1,89.9,89.9,1.0
83d7070a0b9a8b4625fa8682b819fabb,2,2,694.77,347.385,1.0
83deb69e889cf80f82be1dc6d5f2d486,42,40,5363.01,134.07525,1.05
83e197e95a1bbabc8c75e883ed016c47,55,47,6693.6900000000005,142.4189361702128,1.1702127659574468
83f2b4881141ce3fcd4e985125d3279e,3,3,60.7,20.233333333333334,1.0
8444e55c1f13cd5c179851e5ca5ebd00,109,99,22873.21,231.04252525252525,1.101010101010101
845e8036c3f7bf62099352f5ed910240,24,21,1584.6000000000001,75.45714285714287,1.1428571428571428
8476243f92442881ddd5b578975cf115,12,12,7838.0,653.1666666666666,1.0
84c945f15571830c1a91a33978e94009,2,2,51.98,25.99,1.0
84deb808079d1be601c209c1e771b1cc,2,2,34.93,17.465,1.0
8501d82f68d23148b6d78bb7c4a42037,1,1,19.7,19.7,1.0
85044848b1b767db2a4a58526adef4b4,4,4,240.60000000000002,60.150000000000006,1.0
850857dfac77488c307e2b1cbd84ab5a,1,1,1599.0,1599.0,1.0
850913d59ce317156b00f3705f1c3edb,34,32,2690.0,84.0625,1.0625
850f4f8af5ea87287ac68de36e29107f,192,187,45355.36,242.5420320855615,1.0267379679144386
851773c885feb5e2da3b4f82bc2b17ce,10,10,585.3,58.529999999999994,1.0
855668e0971d4dfd7bef1b6a4133b41b,327,312,32208.16,103.23128205128205,1.0480769230769231
8581055ce74af1daba164fdbd55a40de,435,387,64925.3,167.7656330749354,1.124031007751938
85cc55e048b6bcc90c75afe7f0e72f72,9,9,308.28,34.25333333333333,1.0
85d9eb9ddc5d00ca9336a2219c97bb13,522,509,15415.24,30.285343811394892,1.0255402750491158
85e7c62c1d6ea078c3897424f867a7c8,2,2,60.0,30.0,1.0
85ecf03781da592876b7844acc1b729f,2,2,251.0,125.5,1.0
8602a61d680a10a82cceeeda0d99ea3d,19,17,826.99,48.646470588235296,1.1176470588235294
8603f0038fe0e52fedd3382d266723de,10,10,2355.0,235.5,1.0
8629a7efec1aab257e58cda559f03ba7,1,1,45.22,45.22,1.0
8629c241b3622ac12cd4118afdc8d394,13,13,1167.66,89.82000000000001,1.0
863d2ebcd347ce4922de7a0f9a5581d6,19,18,1382.36,76.79777777777777,1.0555555555555556
8648b1e89e9b349e32d3741b30ec737e,103,95,7442.55,78.34263157894738,1.0842105263157895
86649b1632b1c0e6c0bcb2c90a8b75d8,1,1,59.99,59.99,1.0
866558b3bccef2dbc6d29a2b5995016f,6,5,1519.3999999999999,303.88,1.2
86bb7c4b535e49a541baf3266b1c95b1,16,16,8162.4,510.15,1.0
86bf77bdb52e615674772d5817c6212f,5,4,281.8,70.45,1.25
86ccac0b835037332a596a33b6949ee1,210,180,16619.93,92.33294444444445,1.1666666666666667
86ff3eaef0267069cc891a2ed9d10a17,7,7,409.75,58.535714285714285,1.0
870d0118f7a9d85960f29ad89d5d989a,61,45,3157.2,70.16,1.3555555555555556
87142160b41353c4e5fca2360caf6f92,339,305,31095.98,101.95403278688525,1.1114754098360655
8759e7aedd644f487315e5860962f162,3,3,627.0,209.0,1.0
876182d1918783bbe15233febfbd4926,3,3,120.27,40.089999999999996,1.0
87b4428a334b8f676fd9a7f3bf544fb5,1,1,29.99,29.99,1.0
87b740daf17b5d1be335a64164ec6842,13,13,14699.87,1130.7592307692307,1.0
87d30a6a0cbf89356e49324971ab1d24,17,17,2134.13,125.53705882352942,1.0
87d3c3aeb3ead335511b3ce315eb341e,15,15,749.3499999999999,49.95666666666666,1.0
87d73636a3acf123e842bb890a4db036,1,1,269.9,269.9,1.0
87e24fc7052259b1f7f607d61c10d8be,8,8,7473.49,934.18625,1.0
87f3e35268860433e13d577825aada95,3,3,161.7,53.9,1.0
880ce4951cf857ab1d9e0b75c1d856f4,1,1,178.9,178.9,1.0
880eda903e719a5f179f7e9fceb3a69d,1,1,249.0,249.0,1.0
883dd81e82754ac2c65e9790a7db8c9a,5,5,319.5,63.9,1.0
88460e8ebdecbfecb5f9601833981930,302,248,31546.550000000003,127.2038306451613,1.217741935483871
888faa8bfb0b159c37de6d898b961c31,23,19,2418.2999999999997,127.27894736842104,1.2105263157894737
889009a0ed0bb52c87819941192931b8,1,1,89.9,89.9,1.0
88ae906ea2acf6971f26c3e8b7cb4357,3,3,246.0,82.0,1.0
88af55b4a7ca402b27df16f7c7c9b5d2,1,1,130.0,130.0,1.0
88cd3681e0a2ba85e190f7d817629c4c,1,1,180.0,180.0,1.0
88cf19ec1fc2c58f161aee259d57142c,14,14,1372.97,98.06928571428571,1.0
88ef59b51bdaa941d10a853429f2b6ce,2,2,252.9,126.45,1.0
891071be6ba827b591264c90c2ae8a63,98,92,4177.28,45.40521739130435,1.065217391304348
8931a84a914b3fe9b1ddaa4d704947ca,32,29,4668.3,160.9758620689655,1.103448275862069
8936ba0de1073ee888cb3185ae5dc661,1,1,389.99,389.99,1.0
897060da8b9a21f655304d50fd935913,430,317,23023.92,72.63066246056782,1.3564668769716088
89757206b887aed36f3e18d858460fea,2,2,120.5,60.25,1.0
89a51f50b8095ea78d5768f34c13a76f,11,10,677.16,67.716,1.1
89ad3263c0931c47f976d7c5778e60f6,6,6,568.2,94.7,1.0
89bc797e2e29667aa035d4368f9b7f92,20,17,407.3,23.958823529411767,1.1764705882352942
89c127985a8b130cfa45c1d36764017a,7,7,1419.5700000000002,202.7957142857143,1.0
89d9a386b0b6e5fc8403071b03f7206a,5,2,167.0,83.5,2.5
89dda63a3c907c468ec88c310ed91213,2,2,734.99,367.495,1.0
89de2d6f23e9746ff309705b23581faa,8,8,340.0,42.5,1.0
89f69225956f951295ca4c7fb1266553,12,11,1041.3,94.66363636363636,1.0909090909090908
8a130737016f838139d31878787a39c9,62,56,4222.03,75.39339285714286,1.1071428571428572
8a1ff5c35f6595a73fef4c7b96e4908a,2,2,1598.0,799.0,1.0
8a207b6080964f3c1fc9d35bd6096ba4,3,2,553.7,276.85,1.5
8a2d12a90e92f012ce5226fc6592b653,18,18,1594.6499999999999,88.59166666666665,1.0
8a32e327fe2c1b3511609d81aaf9f042,180,132,6429.01,48.70462121212121,1.3636363636363635
8a40ae794fa3f9892cee24bd5af0488b,6,6,739.85,123.30833333333334,1.0
8a43128d7f9a3db592b866e6861a6cce,4,3,990.5999999999999,330.2,1.3333333333333333
8a432f4e5b471f8da497d7dc517666e2,106,95,7555.0,79.52631578947368,1.1157894736842104
8a87611c08849ffeeccab52aa798b6c7,14,13,2369.8,182.2923076923077,1.0769230769230769
8a8835a43bda99fd37310ad76c457510,3,2,224.34,112.17,1.5
8a9260f2b0340411d6d2a56bcf4f7378,9,8,1256.0,157.0,1.125
8ab42aa58097fd4668d60cc648225d5f,26,20,2616.75,130.8375,1.3
8ae520247981aa06bc94abddf5f46d34,65,65,16320.99,251.09215384615385,1.0
8b11118053756a9a2932f447e11fc1b5,1,1,79.99,79.99,1.0
8b181ee5518df84f18f4e1a43fe07923,1,1,27.9,27.9,1.0
8b2492b7ff4468839593fafeed55bad9,45,29,3660.08,126.20965517241379,1.5517241379310345
8b28d096634035667e8263d57ba3368c,155,143,9375.7,65.56433566433567,1.083916083916084
8b2d4ab22f42c5cfc338b846decfda60,9,6,458.0,76.33333333333333,1.5
8b321bb669392f5163d04c59e235e066,1018,943,17535.69,18.595641569459172,1.0795334040296924
8b655f0855926bcb49f5835d38dfddf6,5,5,1089.5,217.9,1.0
8b87cd0d43d49b9bdf40f56229364d59,5,5,1552.9,310.58000000000004,1.0
8b8cfc8305aa441e4239358c9f6f2485,15,15,11892.0,792.8,1.0
8b9d6eec4a7eb7d0f9d579ce0b38324d,53,49,4232.54,86.37836734693877,1.0816326530612246
8bb48dc19fccaa8613b6229bf7f452a2,95,82,4190.72,51.10634146341464,1.1585365853658536
8bd0e3abda539b9479c4b44a691be1ec,13,7,596.55,85.22142857142856,1.8571428571428572
8bd0f31cf0a614c658f6763bd02dea69,35,33,4455.34,135.01030303030302,1.0606060606060606
8bdd8e3fd58bafa48af76b2c5fd71974,11,11,2324.82,211.34727272727275,1.0
8c0de775f52fe41590b376a3b7c50f68,9,9,672.7,74.74444444444445,1.0
8c16d1f32a54d92897cc437244442e1b,118,108,5642.6,52.2462962962963,1.0925925925925926
8c351ed7c326c62123318f4f3246e906,2,2,114.9,57.45,1.0
8c3b533c63cca56240f94f1e3a6b18ef,8,5,3312.16,662.432,1.6
8c5e007d7bd5693fa1386ffefbc99f6c,24,9,1029.11,114.34555555555555,2.6666666666666665
8c91bfea4263b8fba54081460693e2a1,2,2,739.0,369.5,1.0
8c9348f33ae3dada25c99c99ade2af78,2,2,312.99,156.495,1.0
8ca1551acf9832a4cf467bbbac15851f,12,11,2176.4,197.85454545454547,1.0909090909090908
8ca5b19e0263150d2c57afdde2b3d011,4,3,180.60000000000002,60.20000000000001,1.3333333333333333
8cb7c5ddf41f4d506eba76e9a4702a25,2,2,138.0,69.0,1.0
8cbac7e12637ed9cffa18c7875207478,82,67,2990.98,44.64149253731343,1.2238805970149254
8cc6a0e5738e61a87b03c78b2ba9db4b,26,24,13312.4,554.6833333333333,1.0833333333333333
8ccf3cf69651cc1d8a02c8bfaf3b8568,2,2,250.0,125.0,1.0
8cf21434553b02cbd37c0bbd07e041b0,2,2,94.98,47.49,1.0
8d46553a36e68f95350a200c12f8f2e2,16,13,746.6,57.43076923076923,1.2307692307692308
8d79c8a04e42d722a75097ce5cbcf2ef,28,27,2777.7200000000003,102.87851851851853,1.037037037037037
8d899e15a5925f097cca50faa49b15e3,10,4,645.0,161.25,2.5
8d92f3ea807b89465643c219455e7369,8,3,121.2,40.4,2.6666666666666665
8d956fec2e4337affcb520f56fd8cbfd,228,211,11015.19,52.20469194312796,1.080568720379147
8daab2245ebdc277c51098d01c5ad8ef,16,16,1604.59,100.286875,1.0
8dd386be0767c330276ea6a3f96532d3,2,1,89.98,89.98,2.0
8de8fe3af4449ed695d2434c933ed73e,1,1,2090.0,2090.0,1.0
8def3db7f272735afb2ecd03aeca09a7,2,2,196.0,98.0,1.0
8dfbc5ff27df12f6cef751d3b9554222,4,4,226.0,56.5,1.0
8e29d051f810eb22959ede205b462b9f,2,2,599.8,299.9,1.0
8e2b3afb420011ef0c88c9d5f11ea526,11,11,1384.5,125.86363636363636,1.0
8e34331b7eedd03be4e5d965c1956225,5,5,145.0,29.0,1.0
8e4f041ff58e7845456d3482524014b3,2,2,133.8,66.9,1.0
8e670472e453ba34a379331513d6aab1,1,1,975.0,975.0,1.0
8e6cc767478edae941d9bd9eb778d77a,114,106,6830.58,64.43943396226415,1.0754716981132075
8e6d7754bc7e0f22c96d255ebda59eba,130,85,14497.27,170.55611764705884,1.5294117647058822
8e8a7ce9f2f970dc00e2acf6f6e199f6,66,65,9101.0,140.01538461538462,1.0153846153846153
8ea394aed8138685abe1eb9f25e1021d,2,2,1340.0,670.0,1.0
8eb88b0acb3f90a717ad659221471fa7,2,2,119.8,59.9,1.0
8ec76bb0965af3f007692b26fa9d6623,1,1,1999.0,1999.0,1.0
8ed8ea9a57c862f2c18c2fe41f601d56,19,19,3831.9,201.67894736842106,1.0
8f0fbe2cd4d472157dc1cdef6edecaa9,2,2,71.88,35.94,1.0
8f119a0aee85c0c8fc534629734e94fd,83,77,3733.68,48.48935064935065,1.077922077922078
8f2b51a30523cdecddc2f179f351c7d6,8,7,1027.9,146.84285714285716,1.1428571428571428
8f2ce03f928b567e3d56181ae20ae952,175,153,21712.9,141.91437908496732,1.1437908496732025
8f54d64f28a993550aa7943f12572959,16,15,2755.5,183.7,1.0666666666666667
8f580d36c1e9d6fbce95283403c7d447,8,8,4813.25,601.65625,1.0
8f78f0903005064036736c7173a5c2ed,21,13,2113.7000000000003,162.5923076923077,1.6153846153846154
8fb67a334bacec338885b4e9e1708073,1,1,59.9,59.9,1.0
8fb791022c1fc8909664f48ab7dc636d,5,5,8119.95,1623.99,1.0
8fbd63429be6d3e5e6d1a709b6464802,8,6,1061.4,176.9,1.3333333333333333
8fbe2ee446b97e128471be4ce983dc0d,3,3,148.5,49.5,1.0
8fd3b4468f6425810648177996c14cbd,1,1,354.9,354.9,1.0
8fdca8e349553f99bc738833a62c8802,29,22,989.34,44.97,1.3181818181818181
8fe8786ee000001ab51d030dfd4a7bf1,5,5,2255.0,451.0,1.0
8fec2e460530482132c436cfb5439925,5,3,468.46,156.15333333333334,1.6666666666666667
8ff1a9df749e454105c55cda13e79143,14,13,1400.6000000000001,107.73846153846155,1.0769230769230769
8ff38bc3969e67c36c48343a07090f66,8,2,3472.0,1736.0,4.0
8fff28c4263ddec387f28d237fb42773,6,4,339.4,84.85,1.5
900ba814c251a692506d7834c1218441,88,88,29099.690000000002,330.6782954545455,1.0
901b460cdce0c64e471230d7f2f9f3a3,5,5,1904.0,380.8,1.0
902c99f1ac505c0d18778b61bcd636f7,4,4,157.96,39.49,1.0
903037660cf848a717166eb7a06d616e,60,45,7991.51,177.58911111111112,1.3333333333333333
90b36c5aeb728d5504a39f435bef0c5f,7,5,207.85999999999999,41.571999999999996,1.4
90b57083da5d803237da74daec6dcb2b,2,2,206.9,103.45,1.0
90d4125885ab6c86e8820a722be71974,5,3,1299.5500000000002,433.1833333333334,1.6666666666666667
910a922b426b7ff95eaee129ad6c0e1f,2,2,119.8,59.9,1.0
913fd0ebba70bb919f7254a02239173c,1,1,159.9,159.9,1.0
9140bd1d9de28b197dce077bdd687438,8,6,1258.87,209.81166666666664,1.3333333333333333
9140ef75cc8211c4035935e80e567204,1,1,49.9,49.9,1.0
91543f9849d68d023e17194926598543,6,4,834.0,208.5,1.5
916748bc99315c2d202898ae58b1617e,32,25,369.40000000000003,14.776000000000002,1.28
916c9de0b5ad957346eeeb12f332687e,28,23,5480.25,238.27173913043478,1.2173913043478262
918717417d88a9f9ae9735567e6c7682,4,4,345.70000000000005,86.42500000000001,1.0
918f6fbcf3ab724d805867303e593a1b,3,2,79.69999999999999,39.849999999999994,1.5
9198786624eaeb375793215cad26cfa6,10,9,908.3000000000001,100.92222222222223,1.1111111111111112
91f0eec23d4a61d7d7caeefa3f0ad1ca,11,11,2190.8,199.16363636363639,1.0
91f5779a8731baca4809fdeade81803f,6,6,1971.46,328.57666666666665,1.0
91f848e9f4be368f4318775aac733370,73,63,5932.599999999999,94.16825396825396,1.1587301587301588
9200e6ce317b67196b6b0bad4d4bd567,1,1,36.9,36.9,1.0
921323538c9f1c4e816f2720eac02bea,17,15,1401.84,93.45599999999999,1.1333333333333333
9261d76c62caaf0b24677c2ceb7f8f20,7,6,968.7,161.45000000000002,1.1666666666666667
92992bec39dde5766f590d3b1f46d465,1,1,109.0,109.0,1.0
929f342384a6607afe143d789ade1316,4,4,209.4,52.35,1.0
92c8bc6e8f925792247656fed09aad65,3,3,259.7,86.56666666666666,1.0
92d14edfb62ee5ae7fdff70b0f4e7233,13,8,322.0,40.25,1.625
92eb0f42c21942b6552362b9b114707d,365,341,6548.63,19.204193548387096,1.0703812316715542
9315e491484b1b0081ca166fc164108d,1,1,29.99,29.99,1.0
933446e9a59dece7ae9175103820ca8f,3,2,381.39,190.695,1.5
934ed5cd1b9c1c7382d0a94a94b9e639,1,1,125.85,125.85,1.0
939e6227d6964a11a70aa91243e418f2,4,4,425.0,106.25,1.0
939f6e231201f26803cb5c3a3d2940b3,4,3,130.6,43.53333333333333,1.3333333333333333
93b9a99027bd8bd6af682aff18dd19bf,21,20,1953.0,97.65,1.05
93bef6edaa84956e8e575016449b6351,1,1,115.0,115.0,1.0
93dc87703c046b603023e75222018b45,36,35,8517.35,243.35285714285715,1.0285714285714285
94144541854e298c2d976cb893b81343,76,68,17286.28,254.20999999999998,1.1176470588235294
941554c5757b73ba0e50aa7732310afc,4,3,107.69,35.89666666666667,1.3333333333333333
94165aea8a35c3c21499cbcae239b16c,1,1,180.0,180.0,1.0
94231344608e603693b0a8891143f65d,3,3,722.0,240.66666666666666,1.0
9449f25aeaf531019b76999ea49a6949,10,10,2046.45,204.645,1.0
9485a23c0430ba1d58d359391606fce6,5,5,1129.9,225.98000000000002,1.0
94b9108d4b637ba65bb4f1e53cfcf8d8,8,7,234.95999999999998,33.565714285714286,1.1428571428571428
94c49f20a123aeb9360dbf80ff912bf6,3,3,277.75,92.58333333333333,1.0
94ca168e8bcb407ab85c5da308863027,5,5,224.3,44.86,1.0
94d76e96eedd976258cd3278ce56d5f2,1,1,385.61,385.61,1.0
94e93ce877be27a515118dbfd2c2be41,35,30,5674.57,189.15233333333333,1.1666666666666667
951e8cef368f09bb3f3d03c00ca4702c,71,64,4092.29,63.94203125,1.109375
9523fb39dd240aa958e040f8183d64f3,1,1,146.99,146.99,1.0
9535a841eecebed61a9fb1ac1cbb5597,2,2,784.9,392.45,1.0
9539213aa8e023c01937bef95dc006da,9,9,229.1,25.455555555555556,1.0
954e95f20808d7e5d11f0de292d078e0,4,3,158.78,52.92666666666667,1.3333333333333333
9558aa23f77a9e0a0eca83540999f43b,2,2,125.7,62.85,1.0
955fee9216a65b617aa5c0531780ce60,1499,1287,135171.7,105.02851592851594,1.1647241647241646
9591fc341b1bfb7ef561e2968ec6e011,1,1,79.9,79.9,1.0
9596c870880d900012f2e8e6e30d06d7,24,22,8606.25,391.1931818181818,1.0909090909090908
9599519be538b98748162a2b48248960,3,1,570.0,570.0,3.0
95b293867b5862941c9cd74f756a3c68,9,9,648.1,72.01111111111112,1.0
95cca791657aabeff15a07eb152d7841,1,1,9.99,9.99,1.0
95e03ca3d4146e4011985981aeb959b9,193,175,11009.960000000001,62.914057142857146,1.1028571428571428
95ec4458365c4d11f452ccf538377619,31,27,1866.76,69.13925925925926,1.1481481481481481
95f83f51203c626648c875dd41874c7f,67,52,3217.46,61.87423076923077,1.2884615384615385
960945e1a9535cbc0cd6ddd35fbe7ae8,29,28,3381.73,120.77607142857143,1.0357142857142858
9616352088dcf83a7c06637f4ebf1c80,98,92,5703.0,61.98913043478261,1.065217391304348
961dff0a659b4561334372337dd897d9,4,4,9946.0,2486.5,1.0
9646c3513289980f17226a2fc4720dbd,78,71,3039.2999999999997,42.807042253521125,1.0985915492957747
96493fab2fbb13a14d0c0e8772eef5c3,64,63,18969.0,301.0952380952381,1.0158730158730158
964ff64dc05b13811c6d0f41e0aa5f6b,1,1,180.0,180.0,1.0
966cb4760537b1404caedd472cc610a5,75,75,51286.05,683.8140000000001,1.0
9674754b5a0cb32b638cec001178f799,97,86,5069.92,58.95255813953489,1.127906976744186
96804ea39d96eb908e7c3afdb671bb9e,40,38,3610.7000000000003,95.01842105263158,1.0526315789473684
968268a686aa05d1f529fb07dff08130,12,12,4677.29,389.77416666666664,1.0
968ee78631915a63fef426d6733d7422,2,2,450.0,225.0,1.0
96e5dc09087bad639b4ee193104ec2e5,2,2,101.9,50.95,1.0
96f7c797de9ca20efbe14545bed63eec,3,1,138.60000000000002,138.60000000000002,3.0
972d0f9cf61b499a4812cf0bfa3ad3c4,88,83,8089.29,97.46132530120482,1.0602409638554218
973f21788dfab357250f69a8dcb7ddee,21,10,909.0,90.9,2.1
974cf2cb8f4b7add98709c30df02fe10,33,33,2982.67,90.3839393939394,1.0
97512d3fc193b2d1dfcdba0f9d1f0f8a,13,12,1458.8700000000001,121.5725,1.0833333333333333
977f9f63dd360c2a32ece2f93ad6d306,25,24,2858.8700000000003,119.11958333333335,1.0416666666666667
979e9f8b5b39dd243a2550c8b05aecf0,4,3,525.0,175.0,1.3333333333333333
97e4a63591ca439a2b8b7efd20e6e19e,5,5,349.95,69.99,1.0
97e50a621f8e801f4baf69e08687c192,1,1,89.9,89.9,1.0
97e995629983723d11830a829bc2b246,5,5,499.5,99.9,1.0
9803a40e82e45418ab7fb84091af5231,18,11,4278.75,388.97727272727275,1.6363636363636365
980640c45d7a4635885491d077167e4d,14,14,1004.29,71.735,1.0
98115075dd26cb8835946fc6086f5d30,4,4,434.96000000000004,108.74000000000001,1.0
984c273121e743dd14767befe6cb17f5,1,1,259.6,259.6,1.0
9853a239ab7b7ebbdc3a21248d5b8e1f,5,5,381.0,76.2,1.0
985c92cc412091f8529c12d7f23d3fef,12,12,1368.5,114.04166666666667,1.0
989becdce12ebc39863c2bceab6f3ca1,18,18,7840.88,435.6044444444444,1.0
98dac6635aee4995d501a3972e047414,195,91,4235.85,46.5478021978022,2.142857142857143
98dddbc4601dd4443ca174359b237166,2,2,158.0,79.0,1.0
98e164d549402270247f3c96a1a158ef,2,2,162.7,81.35,1.0
98f52e1020fe788c10c0418de4393fec,1,1,21.6,21.6,1.0
99002261c568a84cce14d43fcffb43ea,36,36,4088.0,113.55555555555556,1.0
9906e7aa42a3c067b7c9a564d01c4320,16,12,2619.0,218.25,1.3333333333333333
994f04b3718c2bab35c2adfa8afecd2a,57,49,3445.7,70.3204081632653,1.163265306122449
9996ae921c50e8dff411ac69c0b4bb8b,3,2,29.700000000000003,14.850000000000001,1.5
999f6d9a1c7c81f43be44c6b7d076210,2,2,28.0,14.0,1.0
99a25c39b28a74d1151c35c18d178292,6,1,173.94,173.94,6.0
99a54764c341d5dc80b4a8fac4eba3fb,67,45,3708.7599999999998,82.41688888888888,1.488888888888889
99cd94252748d2bdde08e17858233602,2,2,159.8,79.9,1.0
99eaacc9e6046db1c82b163c5f84869f,70,66,13139.17,199.07833333333335,1.0606060606060606
9a03a4e9eb0b947652fae4f6121a3f5e,7,7,1497.0,213.85714285714286,1.0
9a1aea68d3efa00862ec88c0768037d0,8,7,1309.2,187.02857142857144,1.1428571428571428
9a208dee8f95cfdf00760c4d627828ec,1,1,269.9,269.9,1.0
9a84ba99f5367fdbd4598363496f1ea2,16,16,2284.98,142.81125,1.0
9aa388272ee334b6ae07bc73706e254a,7,6,678.0,113.0,1.1666666666666667
9ac4f14370b1e24ddc58be041b7f99df,5,5,314.51,62.902,1.0
9ac75591b69c3402684b6ce0310f22ee,1,1,60.5,60.5,1.0
9add47bf45ce8e8c7db6b9cf670b1e09,45,43,4829.24,112.30790697674418,1.0465116279069768
9b00cad94ef3078faf6fba2e792c158f,1,1,354.9,354.9,1.0
9b00ed88b7fdb95d6ff76e27c1b52d16,51,47,1627.88,34.63574468085107,1.0851063829787233
9b013e03b2ab786505a1d3b5c0756754,225,174,9027.4,51.8816091954023,1.293103448275862
9b1050e85becf3ae99c1cf4934c9bc5d,2,2,85.14,42.57,1.0
9b1585752613ec342d03bbab9997ec48,3,3,4248.98,1416.3266666666666,1.0
9b1ab052f5fca308ba743ac789ebb2e1,2,2,294.09000000000003,147.04500000000002,1.0
9b1f656ca3060f8af17a50d8a024b533,2,2,41.0,20.5,1.0
9b522ba7eae9e1d04082f267144583cc,6,4,1507.6,376.9,1.5
9b76ad3d04236f76bc71c59470305e13,3,2,394.70000000000005,197.35000000000002,1.5
9bade61a92bed55a25d2b67b9f4ed739,3,2,117.68,58.84,1.5
9baf5cb77970f539089d09a38bcec5c3,33,32,6129.67,191.5521875,1.03125
9bc484c87d79cd4874e05ca182658045,9,9,1120.0,124.44444444444444,1.0
9bcdfa7b615b3abb9461d9e3ad9886ae,20,14,2126.07,151.86214285714286,1.4285714285714286
9bf11dfc0bec77e5a23028043c3c5a8f,1,1,115.0,115.0,1.0
9c068d10aca38e85c50202e17b4a7e88,17,17,2658.9,156.40588235294118,1.0
9c0e69c7bf2619675bbadf47b43f655a,206,157,33702.78,214.66738853503185,1.3121019108280254
9c1c0c36cd23c20897e473901a8fb149,7,6,544.97,90.82833333333333,1.1666666666666667
9c351405b754cc5ce3e2ecf277bb034a,1,1,45.0,45.0,1.0
9c3a1c416c765687bc79a04113269929,1,1,74.9,74.9,1.0
9c3c24eca51c52b91c1de727d2a2ae06,6,6,307.5,51.25,1.0
9c4d31c7e46ab03a43fc06e3142afd4e,2,2,1218.9,609.45,1.0
9c54608f0996c32ae4743089d915f845,3,3,194.8,64.93333333333334,1.0
9c57bc60cfad5ee62d35d3f1ce4593a1,1,1,180.0,180.0,1.0
9c690ceacd5c66731bf443ea810195cb,12,10,871.8,87.17999999999999,1.2
9c7fd21e0aa159b20da593371f08ff7c,8,7,798.3,114.04285714285713,1.1428571428571428
9cad4b68bb993ee401a3c5aaa2bc26dd,7,5,649.3000000000001,129.86,1.4
9cea4682e16655f7da87f406902e989e,9,4,87.75999999999999,21.939999999999998,2.25
9cf787a239c1aa29dbd76f153dc13f9a,4,4,316.0,79.0,1.0
9d213f303afae4983637247556438ede,3,2,47.7,23.85,1.5
9d39404483343dd55c7ae254494d8388,10,10,293.2,29.32,1.0
9d489893ff6af05029671b785f54b998,6,5,298.7,59.739999999999995,1.2
9d4db00d65d7760644ac0c14edb5fd86,100,98,9979.7,101.83367346938776,1.0204081632653061
9d5604a1f112324ad6b2aa552122e0fb,17,13,421.5,32.42307692307692,1.3076923076923077
9d5a9018aee56acb367ba9c3f05d1d6a,79,67,10292.310000000001,153.61656716417912,1.1791044776119404
9d681c7e12db302cb261e721040dde65,14,13,785.6,60.43076923076923,1.0769230769230769
9d69ba0a7a626a64dc5db08e529559cf,1,1,19.3,19.3,1.0
9d7a1d34a5052409006425275ba1c2b4,16,13,1054.82,81.14,1.2307692307692308
9da15f4a4ea758d9eeb49000dbe57e22,1,1,196.9,196.9,1.0
9da1ca0bef29ee170e541927a5aeabdc,6,6,1484.3999999999999,247.39999999999998,1.0
9dc79dd988ac42f4d56c340d7048420a,4,4,749.6,187.4,1.0
9dd459b29a14bf89d47183cf2cd0e4c7,2,2,180.0,90.0,1.0
9dd59e43f0c9f0553244e8f9c2fb247e,10,10,356.3,35.63,1.0
9dda5bbacd45e18d6485fee649205d09,22,19,1912.6000000000001,100.66315789473686,1.1578947368421053
9de4643a8dbde634fe55621059d92273,81,72,17560.34,243.8936111111111,1.125
9df5750209b83567ec144eb299d7d634,11,11,4917.0,447.0,1.0
9e17b9d64683aebcbb9ee362d06463b4,3,2,98.69999999999999,49.349999999999994,1.5
9e25199f6ef7e7c347120ff175652c3b,1,1,12.5,12.5,1.0
9e6229250fedbe05838fef417b74e7fb,78,74,13132.2,177.46216216216217,1.054054054054054
9e6967d3cf386d284251784b18ccb485,11,9,517.67,57.51888888888888,1.2222222222222223
9e7c5f4d7770eab65738cca38f9efccf,2,2,184.8,92.4,1.0
9e94fa26a70ede4d26226e918e8706a2,1,1,62.8,62.8,1.0
9e9b539eb2806acee3f5c28085c1db9f,3,3,967.0,322.3333333333333,1.0
9ed65337433adfbedefd23dd76eaa494,6,6,1262.6,210.4333333333333,1.0
9ef932e837d8b7f392c0bfee9d359dc2,1,1,59.9,59.9,1.0
9f50216bfd01913736a55a11b55ea842,19,17,1354.0,79.6470588235294,1.1176470588235294
9f505651f4a6abe901a56cdc21508025,430,397,26361.82,66.40256926952141,1.0831234256926952
9f56a7a649097b166d8ed286ad86a15c,2,2,27.98,13.99,1.0
9fbd5666d8618fa571c4230fafa09bd6,1,1,79.9,79.9,1.0
9fc70243fb26800cba56e8f014797004,7,6,466.6,77.76666666666667,1.1666666666666667
9fe7c6641c79970ab48185498f547c09,1,1,130.0,130.0,1.0
a00824eb9093d40e589b940ec45c4eb0,3,3,9399.97,3133.3233333333333,1.0
a0415d9b25ede3c4b1e477e9916ffc03,10,10,4044.1,404.40999999999997,1.0
a066df7361163e7ddc5d7452dd17448b,17,15,1078.3,71.88666666666667,1.1333333333333333
a06c8ff043abea0528ee44171e2140a2,8,8,514.5,64.3125,1.0
a080fc8a850289b27500f6b49cca2553,4,4,383.0,95.75,1.0
a08692680c77d30a0b4280da5df01c5a,17,6,2433.0,405.5,2.8333333333333335
a09a13f18ed27932d08438aa6f12756e,1,1,29.9,29.9,1.0
a0a14e50070f3225b3eabba5b85da517,4,4,176.2,44.05,1.0
a0d7fbb07bb5ebc3b05980e750db56f3,4,3,848.99,282.99666666666667,1.3333333333333333
a0e19590a0923cdd0614ea9427713ced,7,2,258.3,129.15,3.5
a1040efe9ff4a6f93c28b0499eada8f5,1,1,1658.83,1658.83,1.0
a1043bafd471dff536d0c462352beb48,770,718,101901.16,141.92362116991643,1.0724233983286908
a11a0e0ca67423425691db355cff69b0,2,2,448.9,224.45,1.0
a13580f0e8f782b7a543885a0ef99f08,10,10,1304.9,130.49,1.0
a13aaf2d2886ab9fb30fb9a920160b8f,4,4,1011.52,252.88,1.0
a1474fd46fd3430168f7ec202da39408,14,12,2752.5,229.375,1.1666666666666667
a150c540f572d0fb53992264bc5c10b5,1,1,119.9,119.9,1.0
a1544b9ea0b2390e020537d4daa89049,8,8,841.2,105.15,1.0
a154d7316f158bb42e6fa18bbe3afd3a,2,2,139.8,69.9,1.0
a17f621c590ea0fab3d5d883e1630ec6,80,65,2778.58,42.74738461538461,1.2307692307692308
a1bea7061f61f6fdd9a85a6325ba1033,9,9,810.95,90.10555555555555,1.0
a1bea9970d8f65b240555f99c2214f7f,1,1,75.0,75.0,1.0
a1ed30492b3b798bc121845bc4aa7366,2,1,41.8,41.8,2.0
a20d8058c866dbaeca014d2cd20ac62e,2,2,1194.0,597.0,1.0
a213f1bd6458f4a158f3746cb2514559,1,1,41.52,41.52,1.0
a218df5c097b0ca409cfaac1488cc7f6,4,4,130.69,32.6725,1.0
a21c11ec5c3f03e7cc9f9203bff9e1c6,4,3,385.0,128.33333333333334,1.3333333333333333
a23266650e7c84bb93fbbba502137478,16,11,1512.4,137.4909090909091,1.4545454545454546
a247197e2e9c19a6a53a6888cb8b660f,2,2,798.0,399.0,1.0
a254c682cc01e119f83530446f1df9a9,7,6,569.4,94.89999999999999,1.1666666666666667
a2a41aedb70551d4a85aa04dc2fced48,2,2,52.79,26.395,1.0
a2b5b6105ea5942300631d2e76f4ffe0,16,16,3286.6899999999996,205.41812499999997,1.0
a2b911e9ad40dc7d61c142a4683e2d85,1,1,85.9,85.9,1.0
a2deecd5398f5df4987110c80a1972a3,16,16,827.4300000000001,51.714375000000004,1.0
a2e85714b56b1cb6bb24a9a6e6cad36f,3,2,339.70000000000005,169.85000000000002,1.5
a2e874074c877c5a05abae80ad6e488f,46,44,8071.9800000000005,183.45409090909092,1.0454545454545454
a2fa0bdc798ee84cdb08281337cf4fb6,13,10,392.75,39.275,1.3
a3082f442524a1be452e3189e003b361,4,3,301.6,100.53333333333335,1.3333333333333333
a35124e2d763d7ca3fbe3b97d143200f,7,4,411.5,102.875,1.75
a353b1083c9863d756d9404695016d64,1,1,120.0,120.0,1.0
a35ef466c6fd6d052f5d241240d3c5e2,3,3,569.9,189.96666666666667,1.0
a369d693961cb93b61ca2cc518872a85,18,11,2597.0,236.0909090909091,1.6363636363636365
a36ac007a4d18f865c8d32c3b2402c2d,9,9,1359.7800000000002,151.0866666666667,1.0
a36b125ac6d5fdbc7f50de85c9157bdc,26,24,1843.64,76.81833333333334,1.0833333333333333
a37c340b91cb0169e8b029db6440fba2,5,5,345.0,69.0,1.0
a3a38f4affed601eb87a97788c949667,263,254,26533.32,104.46188976377952,1.0354330708661417
a3b0df0065e264a91b7bbf5f844af5cd,2,2,186.69,93.345,1.0
a3b42d266fa8afc874b909422ce88582,6,1,839.4000000000001,839.4000000000001,6.0
a3dd39f583bc80bd8c5901c95878921e,37,34,4607.81,135.52382352941177,1.088235294117647
a3e9a2c700480d9bb01fba070ba80a0e,144,130,13440.8,103.39076923076922,1.1076923076923078
a3f0b55de503387383c7b1de3ad7f678,26,24,4348.400000000001,181.18333333333337,1.0833333333333333
a3fa18b3f688ec0fca3eb8bfcbd2d5b3,2,1,47.8,47.8,2.0
a414555ce331b8c8aea4a9cb8395194d,8,7,1450.95,207.27857142857144,1.1428571428571428
a416b6a846a11724393025641d4edd5e,181,162,25670.72,158.46123456790124,1.117283950617284
a420f60ff1aa9acc80d0e42959f2b313,69,67,7443.3,111.09402985074627,1.0298507462686568
a425f92c199eb576938df686728acd20,19,17,1165.8,68.5764705882353,1.1176470588235294
a435b009cd956ea60748b5cfbddf2e24,3,3,361.18,120.39333333333333,1.0
a44fb5a447105f8469bdf16bf9159f25,19,19,3706.1,195.0578947368421,1.0
a45314082d50d578a4721c9787ce09ab,2,2,424.9,212.45,1.0
a45765f8afb1e594b22bf9e974b46765,1,1,79.99,79.99,1.0
a478c7961d6a992065b24e63b366f90b,9,8,1281.5,160.1875,1.125
a49928bcdf77c55c6d6e05e09a9b4ca5,106,98,8816.7,89.96632653061225,1.0816326530612246
a4b6b9b992b46e9ef863637af96e04bc,14,7,7147.0,1021.0,2.0
a4b8d97cd5d3674eeff96abc99d8ed67,1,1,214.08,214.08,1.0
a4bd6e9adf39b63f43dc545d3ca1f53d,5,4,1848.59,462.1475,1.25
a4e634166243bbb3a13fa584463fa468,2,2,155.55,77.775,1.0
a4fc6eadaff1576af888509a53420f6a,1,1,100.86,100.86,1.0
a513150f33f99a06569e9cd5c4bb889b,2,2,677.0,338.5,1.0
a5259c149128e82c9d6d46e0c1c812bb,8,8,1182.26,147.7825,1.0
a53f60f05f822b5c621a50ff6a5cb362,6,4,415.40000000000003,103.85000000000001,1.5
a56a8043ebf66e42119618fb8cf232c6,1,1,83.0,83.0,1.0
a56e351445e5863fc8960640ba9190c7,4,3,760.9200000000001,253.64000000000001,1.3333333333333333
a5a1bfcf728ab0e19182959cf0771ee4,24,21,1812.96,86.33142857142857,1.1428571428571428
a5bff0f43eb51f0cad7c37fac7244c8a,5,4,445.0,111.25,1.25
a5cba26a62b8b4d0145b68b841e62e7f,55,54,14737.84,272.92296296296297,1.0185185185185186
a5dd1946fb63ada8bcaa0c9cd8f11e22,7,6,219.62,36.60333333333333,1.1666666666666667
a5ff20ff766e7f50bd5066f33da14413,4,2,66.59,33.295,2.0
a61cc04793308395a840807104365121,1,1,14.63,14.63,1.0
a63bfbaa882c8f4542891b4e2246cc7f,7,7,6772.0,967.4285714285714,1.0
a64e44665225d19dfc0277eeeaaccc57,6,6,335.0,55.833333333333336,1.0
a663d9c3797e90eac99ff60939416a56,1,1,235.0,235.0,1.0
a673821011d0cec28146ea42f5ab767f,146,129,13863.69,107.47046511627907,1.1317829457364341
a67780aba9dd436e7ac0aa1f889e73ec,6,6,863.0,143.83333333333334,1.0
a69aa24cec11168e7e39a3fbc727e925,3,3,105.97,35.32333333333333,1.0
a6bd7d1ccdac48c6b33b28596b7eb122,16,16,14368.61,898.038125,1.0
a6fe7de3d16f6149ffe280349a8535a0,52,51,2904.7999999999997,56.956862745098036,1.0196078431372548
a70e9066dbfd10b6b97a3f54a1356762,4,2,1716.0,858.0,2.0
a72c2f59332659e361d647515c698798,6,5,802.9,160.57999999999998,1.2
a72f15980dc3e9bfd1a49ac9b2f3af65,1,1,89.9,89.9,1.0
a7a9b880c49781da66651ccf4ba9ac38,4,3,307.6,102.53333333333335,1.3333333333333333
a7b7354cc588f7566a848bcbb1ce3d96,2,2,79.8,39.9,1.0
a7c53f6b3b61adbdaa99dda97e8cbd56,1,1,99.0,99.0,1.0
a7c88262832dfc683781d6a421edefae,5,5,1520.0,304.0,1.0
a7d0f8dd44f57ef6de7f7f02e3d82630,2,2,73.78999999999999,36.894999999999996,1.0
a7dc4098e4da6e41b426269d12ae7e91,3,2,518.0,259.0,1.5
a7ecf689b40a44361e259b28939023e4,1,1,389.0,389.0,1.0
a7f13822ceb966b076af67121f87b063,86,75,12477.64,166.36853333333332,1.1466666666666667
a806a4bb063ea7ca6d374eafa50a6058,6,5,294.4,58.879999999999995,1.2
a81466620e46a6970b22ef40379fdfc9,2,2,321.8,160.9,1.0
a8739afb32aaa45e01815ca76f76f54b,15,13,298.83,22.986923076923077,1.1538461538461537
a888faf2d1baececa6baf9c3d603ee1f,55,54,17765.8,328.9962962962963,1.0185185185185186
a89e143d5211473ae18db9577ee34b64,2,2,140.0,70.0,1.0
a90a5da8b09e44264a177c0374a5ac87,3,3,74.69999999999999,24.899999999999995,1.0
a938325a4b357fd23a6a4d5bb126408e,25,24,3231.0,134.625,1.0416666666666667
a9415cf907dfa12f9ed18693244f5329,2,1,210.0,210.0,2.0
a99504ac23ed125aaf5302af6cc30af9,1,1,978.0,978.0,1.0
a9ae440659f48b7849df83e82734150b,1,1,285.0,285.0,1.0
a9b533a26e898b12e8b8d4c07279bf4d,4,4,119.6,29.9,1.0
aa17b35ce4de7b565be3249ba838944f,2,2,79.8,39.9,1.0
aa1eb17b9fdf6dfd546e25c45c7b9235,4,3,117.99,39.33,1.3333333333333333
aa2640d851ec322526f1295bbeb20092,2,1,159.98,159.98,2.0
aa762680c40618316a896838866140ea,3,3,261.0,87.0,1.0
aa8af66c623d7d544dfe4bb85b5ebe3b,1,1,99.0,99.0,1.0
aac29b1b99776be73c3049939652091d,138,98,6755.91,68.93785714285714,1.4081632653061225
aac51c486b672a9850d59f3e84b1cf88,13,10,728.28,72.828,1.3
aadfe0417e61315688b6bd7043361e25,1,1,289.9,289.9,1.0
aae3bfea055532c57fb453ed3ec80b30,50,48,3057.92,63.70666666666667,1.0416666666666667
aae5953b9edddf14749c0d65d60eb4b9,2,2,173.0,86.5,1.0
aae5e7b457a3c72ee230a47d98fceda5,7,5,604.8,120.96,1.4
aaed1309374718fdd995ee4c58c9dfcd,112,105,9376.95,89.30428571428573,1.0666666666666667
aafe36600ce604f205b86b5084d3d767,131,129,9251.4,71.71627906976744,1.0155038759689923
ab27bbbad5239bc31a34709275a70db4,11,3,382.9,127.63333333333333,3.6666666666666665
ab3e0c171fe84a7ba7de130f19cfb485,10,7,863.42,123.34571428571428,1.4285714285714286
ab75b89cc49c9ab3160d0c91565a442a,2,2,37.98,18.99,1.0
ab91571efab27993ff2f6b36e38055c3,4,3,102.24,34.08,1.3333333333333333
ab9db4cf53b08b828b64dccaafc2d9f0,5,5,277.67,55.534000000000006,1.0
aba1721a889e04decc910aa13b768ef4,92,83,14103.3,169.91927710843373,1.108433734939759
abbf6046bbdf1028606a5bc7f00c99e7,7,7,2217.15,316.7357142857143,1.0
abc015ebac1d283a323ca9db35ede4b9,13,12,1106.8,92.23333333333333,1.0833333333333333
abcd2cb37d46c2c8fb1bf071c859fc5b,52,45,4880.22,108.44933333333334,1.1555555555555554
abe021b01ba992245271b9aa422032df,2,2,6720.0,3360.0,1.0
abe42c5d03695b4257b5c6cbf4e6784e,50,50,17159.0,343.18,1.0
ac137bac82ffa8548e62bd9d01d2a14f,1,1,49.6,49.6,1.0
ac1ed5fc15901fbc92920361eb4ab350,1,1,110.25,110.25,1.0
ac3508719a1d8f5b7614b798f70af136,104,103,12775.84,124.03728155339806,1.0097087378640777
ac51cac5e20d69ff485a54746488ef48,4,4,759.9,189.975,1.0
ac6417315ae5da8f9a38ee11de6f7780,8,8,788.9,98.6125,1.0
ac9b01377919cdbd2a1bbb8d5837c70b,1,1,55.9,55.9,1.0
acadd4d36859671cb635527c6c977533,12,12,2381.0,198.41666666666666,1.0
acb6c2ca5c82411c1fdb88d5fd5eb95e,11,10,413.88,41.388,1.1
acce39e832338debb07b02385cde5967,44,44,4748.1,107.91136363636365,1.0
ace601496e211a664100321f038f50af,1,1,165.0,165.0,1.0
aced59e9b31ef866a94f9e7f29d8d418,67,61,7268.5,119.15573770491804,1.098360655737705
acf974e4d5950ad143a247471b831eb9,12,5,423.8,84.76,2.4
ad14615bdd492b01b0d97922e87cb87f,1,1,8.25,8.25,1.0
ad273c9eb54ecb4532de4bf75bae9e4e,11,10,645.0,64.5,1.1
ad420dd0c4f92f8af951ac24b86d0cf5,46,42,4705.29,112.03071428571428,1.0952380952380953
ad738d3fcf42655ed15c4960b7b6c601,1,1,65.0,65.0,1.0
ad75519a07f039025e83795a4418470f,9,3,302.1,100.7,3.0
ad781527c93d00d89a11eecd9dcad7c1,44,44,6899.570000000001,156.8084090909091,1.0
ad87df7699e83b8a91822a4a0b765c3a,7,6,349.9,58.31666666666666,1.1666666666666667
ad8ada0ffa993cb1197d102d9ab21a3e,2,1,599.8,599.8,2.0
ad8b531ae67582f096925cff5630d0d1,3,3,208.35000000000002,69.45,1.0
ad97a199236354e53fcd91a5a913e9a2,18,17,13205.9,776.8176470588235,1.0588235294117647
adbc26658d6c7b4b6219f9d934598091,92,88,11806.4,134.16363636363636,1.0454545454545454
adbe70ab2c97442046d393988c8d1d27,5,5,289.5,57.9,1.0
adcf50477d6a1f5d91bb9d54c4903cb5,38,19,1425.14,75.00736842105263,2.0
ade45994b717ccee333492330fbf037b,10,10,7196.0,719.6,1.0
aded58c8142dedc5494a81f948431fab,5,4,289.5,72.375,1.25
ae45ad30c2d2e5913094769690a239d2,2,1,251.8,251.8,2.0
ae45df84722b1d15c5f32b23a095746c,12,9,901.83,100.20333333333333,1.3333333333333333
ae7ab174effdead6c241e547e4ca13f0,7,6,2778.6,463.09999999999997,1.1666666666666667
ae8bfdbf1c2a2a2dee92d799db0a31c6,8,8,339.92,42.49,1.0
ae9690c6e8fee182c28c9ff8e11ca52c,1,1,47.4,47.4,1.0
aeb36d67f1414f234d42a29e27cf1f17,4,4,3263.8,815.95,1.0
aec99834ab5d38ead22766ada8497e87,1,1,459.0,459.0,1.0
af3ef48d0e13835e529c29ac573c63e5,21,21,1405.63,66.93476190476191,1.0
af4a0e4cfe1d9c26b6712b1be25a72e5,26,21,8757.98,417.0466666666666,1.2380952380952381
af7cdac9d9897cddead9c6b08976c642,6,6,543.54,90.58999999999999,1.0
afa6714acee029b2dfdf357e5579cc03,17,16,3220.7599999999998,201.29749999999999,1.0625
afac9f6b0c4e5f0a7ee87e922cd0f873,1,1,20.99,20.99,1.0
afe0067131b73e40875c9b6c10bd2e21,46,46,5130.400000000001,111.53043478260871,1.0
b00af24704019bd2e1b335e70ad11f7c,1,1,189.0,189.0,1.0
b01c2b7b8599b325103ebcddc67413e1,4,4,169.45,42.3625,1.0
b026643914f651e8371425e5b8a1e780,1,1,27.9,27.9,1.0
b0398568231ba5e6734af1881671a317,4,4,656.77,164.1925,1.0
b05b432bf68945d4d9783f9e3ca29ee8,2,2,224.8,112.4,1.0
b080809eaacb49e5ca07290981472431,11,11,424.0,38.54545454545455,1.0
b0b346d3a89f5eb4c2968af3f083cd43,12,11,614.0,55.81818181818182,1.0909090909090908
b0f2a6122a90a93eb03e68653dd960e3,7,6,1620.3,270.05,1.1666666666666667
b1204cfda1d4948679db3cfc0d3cb95c,11,7,2903.7,414.8142857142857,1.5714285714285714
b127efdabeffb5d559349c7b172eb75d,10,10,308.5,30.85,1.0
b12cfd255810394b60caef18ae163547,2,2,560.0,280.0,1.0
b14db04aa7881970e83ffa9426897925,111,83,5898.6,71.06746987951807,1.3373493975903614
b16d3dadc47d4eb18be3d88bad0775ce,11,10,722.1,72.21000000000001,1.1
b17b679f4f5ce2e03ce6968c62648246,57,55,4084.75,74.26818181818182,1.0363636363636364
b18871c324516afa228a13e8f1ef0ae9,23,9,1064.6,118.28888888888888,2.5555555555555554
b18dc380845b24038cfc48006478f099,54,44,8353.3,189.84772727272727,1.2272727272727273
b19c48688808720822399ffa9f2dbe2f,1,1,959.99,959.99,1.0
b19f3ca2ea475913750f25a5c37c8d8f,24,24,6202.91,258.45458333333335,1.0
b1a81260566c1bac3114a6d124413f27,54,51,8684.69,170.2880392156863,1.0588235294117647
b1aaae6b66ad3c40f54b389d7ea4bee0,17,15,1176.5,78.43333333333334,1.1333333333333333
b1ac6ea7895bc3dd6f0f6f4abbdd2821,41,40,3139.0,78.475,1.025
b1b3948701c5c72445495bd161b83a4c,18,18,24699.19,1372.177222222222,1.0
b1fc4f64df5a0e8b6913ab38803c57a9,121,107,7994.74,74.71719626168225,1.1308411214953271
b1fecf4da1fa2689bccffa0121953643,20,19,3669.64,193.13894736842104,1.0526315789473684
b2479f944e1b90cf8a5de1bbfde284d6,131,103,4752.51,46.14087378640777,1.2718446601941749
b248792ac0b60ec3f93d80af1b4fae47,9,7,454.5,64.92857142857143,1.2857142857142858
b26741d31a563d769b4af0465ab20c56,2,2,648.0,324.0,1.0
b274baf5bbd142410eb2958cf685d684,7,7,585.9,83.7,1.0
b29d3380981c51df13fc6fbe87e1763d,7,6,435.3,72.55,1.1666666666666667
b2a6d334e2833acea353624840e25a0e,26,25,1650.98,66.0392,1.04
b2ac621f0d0322434d04a12b078b9369,30,30,9575.5,319.18333333333334,1.0
b2ba3715d723d245138f291a6fe42594,363,337,51676.88,153.34385756676556,1.0771513353115727
b2bdc5e7940a7d7ca8c4a37953b27a42,1,1,250.0,250.0,1.0
b2c97074649f92197d9387d9033dda5f,11,10,684.71,68.471,1.1
b2eecf5ea250510da76590ca79d60e5d,11,9,1060.0,117.77777777777777,1.2222222222222223
b2f4d63c7203f539a78252565ca32257,1,1,14.9,14.9,1.0
b32be1695eb7ec5f10f72d9610a12527,46,45,26874.0,597.2,1.0222222222222221
b335c59ab742f751a85db9c411a86739,35,33,2873.34,87.0709090909091,1.0606060606060606
b33aaadd1a8891d2dfef0c4c3bdf0371,17,16,1504.0,94.0,1.0625
b33e7c55446eabf8fe1a42d037ac7d6d,155,152,44985.17,295.9550657894737,1.019736842105263
b347677812ea483b0f528eaf8cbc09b7,21,21,7288.99,347.09476190476187,1.0
b372ee768ed69e46ca8cdbd267aa7a38,69,63,12630.0,200.47619047619048,1.0952380952380953
b37c4c02bda3161a7546a4e6d222d5b2,15,4,24075.0,6018.75,3.75
b3809b8d4394588a47c8470ea331e135,1,1,89.0,89.0,1.0
b39d7fe263ef469605dbb32608aee0af,49,44,5193.1,118.025,1.1136363636363635
b3b17aab11f273023a5f22ca52e1eb70,13,7,6850.0,978.5714285714286,1.8571428571428572
b3e2faf2c1004d674f16a3aa3197f0e1,3,3,61.47,20.49,1.0
b3f19518fcec265b2e97af287725f981,9,9,486.91,54.101111111111116,1.0
b410bdd36d5db7a65dcd42b7ead933b8,44,44,7726.9,175.61136363636362,1.0
b416191c9813d821a295cfabafff4161,2,2,117.8,58.9,1.0
b43d8b707f887a30f4675391098354a0,4,3,1342.0,447.3333333333333,1.3333333333333333
b44dbfbf62e52125f3c15d230569ea91,8,4,609.37,152.3425,2.0
b452cb0ae35044c4a53179c39f49fb06,2,2,63.699999999999996,31.849999999999998,1.0
b45d7ebfb7378630f1bcd74b6ff86ff7,5,5,1007.5,201.5,1.0
b494891378bd8f4560abe576c52deacd,22,20,2958.9,147.945,1.1
b499c00f28f4b7069ff6550af8c1348a,187,152,10327.130000000001,67.94164473684211,1.230263157894737
b4a476fbd28de64b1e347abf9089366a,38,33,5724.04,173.4557575757576,1.1515151515151516
b4b447d715f9ab302a188fb43d3e96b3,5,5,685.9300000000001,137.186,1.0
b4f8921fcc4ff77b66bea6dda43dcd51,20,18,11395.05,633.0583333333333,1.1111111111111112
b4ffb71f0cb1b1c3d63fad021ecf93e1,165,144,6656.09,46.22284722222222,1.1458333333333333
b55638ad525e906c698fa2ce742c1742,12,11,1094.8,99.52727272727272,1.0909090909090908
b561927807645834b59ef0d16ba55a24,95,85,4501.99,52.964588235294116,1.1176470588235294
b566ab0ef88016e00422755e305103c6,5,5,1208.0,241.6,1.0
b56828a9f9027f3c918c04ca720d9e3c,3,3,360.0,120.0,1.0
b56906f7fd1696e043f1bcce164c487b,42,40,2148.49,53.71225,1.05
b57e8460909fa137df7951b4a3b5ea84,2,1,198.0,198.0,2.0
b586cd24c010a13916af621b0325fbba,7,6,1108.94,184.82333333333335,1.1666666666666667
b5abf4f36adc043117b4fca82c22984c,12,11,1247.8,113.43636363636364,1.0909090909090908
b5b800c4065bebf4d3442311c9857344,1,1,79.9,79.9,1.0
b5bb2b985208834bd5bd86c7a402bbad,2,2,621.06,310.53,1.0
b5d034ac251546e25afe9067f05c1539,1,1,69.9,69.9,1.0
b5dd7151a92ccaaa282cbe9681a05f44,1,1,85.0,85.0,1.0
b5e3e38609125694d2ea2417522a60b7,17,16,995.04,62.19,1.0625
b5f0712d22a873b6797ab6cc65c3fcba,1,1,12.99,12.99,1.0
b5f49fe968dff6b112861e6cd8e192ef,2,1,194.70000000000002,194.70000000000002,2.0
b64d51f0435e884e8de603b1655155ae,23,17,416.18,24.481176470588235,1.3529411764705883
b67d6c666e8dce1d078c882825e12704,8,7,352.84,50.40571428571428,1.1428571428571428
b6c6854d4d92a5f6f46be8869da3fa1a,1,1,69.9,69.9,1.0
b6d44737c043328708f6749c2dbe50bd,80,62,5369.6,86.60645161290323,1.2903225806451613
b6dc74ed30f124f95227bed4e43a3bed,13,11,518.9599999999999,47.17818181818181,1.1818181818181819
b6e1504972665f739dec4facb9943775,14,14,1484.48,106.03428571428572,1.0
b6f52e346160519c24a23af05410ad32,1,1,129.9,129.9,1.0
b74d1c09cb380e1d03a6f859c6f4224b,39,31,2221.6,71.66451612903225,1.2580645161290323
b76a1f8356322f12529c37b67d5c96c2,5,5,298.5,59.7,1.0
b76dba6c951ab00dc4edf0a1aa88037e,169,159,2574.7799999999997,16.193584905660376,1.0628930817610063
b76f4d90e85657a240495c876313adc5,1,1,299.0,299.0,1.0
b77a27b1864483e721dc831d5ba4afa0,2,2,41.8,20.9,1.0
b7ba853e9551f4558440881fd3e5c815,2,2,376.8,188.4,1.0
b7cc6c5e001441ae8cdd5c69a480cbe4,6,6,651.8,108.63333333333333,1.0
b7d5b4b87af9d42b601865d3f3810bff,2,2,1049.0,524.5,1.0
b7e1750c1157341d2abd0251e07c186b,4,3,159.6,53.199999999999996,1.3333333333333333
b7ed9fb14c8eadb37adb9c45d67ab0fb,11,7,566.0,80.85714285714286,1.5714285714285714
b8114f2f589a6804810f04f99b36b498,11,8,1399.62,174.9525,1.375
b81e3a6c866a764974fe849821abeebd,11,8,836.1500000000001,104.51875000000001,1.375
b839e41795b7f3ad94cc2014a52f6796,36,33,42829.0,1297.8484848484848,1.0909090909090908
b83cedfb587e7911540e3f576d6917ce,25,24,2224.95,92.70625,1.0416666666666667
b8555308bfdb4ca1ed54325a58da9a97,28,26,3047.2000000000003,117.20000000000002,1.0769230769230769
b8578d2d823bd8e251f6fdd02b40902d,9,9,1255.6,139.5111111111111,1.0
b8630e1121437d41cb08e3c749c2c2e2,12,12,6988.0,582.3333333333334,1.0
b86a47b3366e3b5424a7b225781f4908,1,1,86.5,86.5,1.0
b87a7ea0c30fad2dd6781b74a0064859,9,9,515.4,57.266666666666666,1.0
b88e7c57cb2d8b973b7dd4a2bfa14b36,4,4,353.9,88.475,1.0
b8a0adc91af209270c2c725168eb00fd,6,6,281.4,46.9,1.0
b8bc237ba3788b23da09c0f1f3a3288c,47,45,13685.710000000001,304.1268888888889,1.0444444444444445
b8d890108a7a80e4f5d59eea9f362438,3,2,89.69999999999999,44.849999999999994,1.5
b906dd0e57f282c7089171b6ed07982e,2,2,175.0,87.5,1.0
b90e891671cffd9557f33a97dc523645,39,34,4449.0,130.85294117647058,1.1470588235294117
b92e3c8f9738272ff7c59e111e108d7c,70,62,8231.09,132.75951612903225,1.1290322580645162
b94cc9f10ddc85e4ba73a6f7974e7101,39,39,25346.1,649.9,1.0
b98b715fe9e276204e2a3464f48cd796,6,6,450.58000000000004,75.09666666666668,1.0
b9a03475e6447e631b6799ec8274800f,11,10,1349.1,134.91,1.1
b9c0ffa92f3ff9a5a3d45ef7213c0842,3,3,490.0,163.33333333333334,1.0
b9ca8e8baa5d4aa038394a700f63e69f,14,14,1289.77,92.12642857142858,1.0
b9de031b671cd48b28fae9d828cbf2b4,1,1,155.32,155.32,1.0
b9ec22de23f18567de0e09d776ca0309,2,2,341.98,170.99,1.0
ba143b05f0110f0dc71ad71b4466ce92,86,85,6110.58,71.88917647058824,1.011764705882353
ba5daa4041e1f15cdf34b76e3e18a450,15,15,806.8000000000001,53.78666666666667,1.0
ba6b4a237f92479743cf0ca06b67a9ac,8,8,801.89,100.23625,1.0
ba6b68b55fe8704377a7d43c8e5c0185,5,5,739.77,147.954,1.0
ba6ce6de456f6c11d08c17701ba5c26f,7,6,744.35,124.05833333333334,1.1666666666666667
ba89796db68db180bd389de96b2ff3b6,2,2,309.8,154.9,1.0
ba8e85df286308fe68a2ce83a8f8b2d6,1,1,80.9,80.9,1.0
ba90964cff9b9e0e6f32b23b82465f7b,38,38,44212.5,1163.4868421052631,1.0
baa49d93c8c8841e27400a300f5d74b2,6,6,246.39999999999998,41.06666666666666,1.0
bab0a8cd684e41ba6e2637dca0979d3b,1,1,269.9,269.9,1.0
babcc0ab201e4c60188427cae51a5b8b,1,1,79.0,79.0,1.0
bac44fa8e13424950488659b5f765c41,1,1,19.9,19.9,1.0
bac692d6c0ed08467878018e6cc9c26c,3,1,477.0,477.0,3.0
bacb1f0ed56ad24198f5810d2b3fe9a5,42,42,6940.45,165.2488095238095,1.0
baeda7047354773262ba2405f97038ba,1,1,35.0,35.0,1.0
baf15155e37ef5492731459bdc05be8a,1,1,47.0,47.0,1.0
bafc5aa11e413978be29040f51342e70,9,9,1679.55,186.61666666666667,1.0
bb135baca94c82fcb731335ad5b04a03,38,18,1049.8,58.32222222222222,2.111111111111111
bb2afe2061d53c6968aa0cffa233a8ec,6,5,549.4,109.88,1.2
bb3dca718920a4d7ec3cc9ffb025108b,3,2,108.0,54.0,1.5
bb5bd94c8f59cc050072d2930c869cac,17,16,2543.87,158.991875,1.0625
bb5d956dece964a06c12bceb66b923ae,2,2,1278.36,639.18,1.0
bb7a14e229b1c95156719c3d9552eeee,11,11,3190.1,290.0090909090909,1.0
bb7ad8a45c027be8ab075b8e465f8ca0,2,2,19.98,9.99,1.0
bba3293d6f5d5af2f415e004e8b93ae3,17,17,11702.1,688.3588235294118,1.0
bba74270a87732727b5a3b4fd9ac1c39,41,36,6001.59,166.71083333333334,1.1388888888888888
bba8d0c234a52b87b3957037a215d1a4,1,1,120.0,120.0,1.0
bbad7e518d7af88a0897397ffdca1979,85,69,4462.22,64.66985507246378,1.2318840579710144
bbaff50f3b708fda865918715276cd87,16,12,449.7,37.475,1.3333333333333333
bbd3acfe6de99892e73940d3fdceaf68,2,2,69.0,34.5,1.0
bbe87dce25ba8b38bb61cc7210a3f10b,2,2,287.0,143.5,1.0
bbf4a892cac7b82422baa711dffb8997,1,1,70.0,70.0,1.0
bbf9ad41dca6603e614efcdad7aab8c4,14,14,7846.0,560.4285714285714,1.0
bc07d855eac23aab5ac8a120f21d16b2,13,12,1283.1100000000001,106.92583333333334,1.0833333333333333
bc2ac6b95e1accce9858528ee566c17e,22,18,2045.0,113.61111111111111,1.2222222222222223
bc302730ea8cf49b5c74f579febb5bbf,11,11,2640.9,240.0818181818182,1.0
bc30de0d71bd6260b936a026b5cf7200,3,3,392.37,130.79,1.0
bc39d8938f90a3a2b98193723ed59774,2,2,306.8,153.4,1.0
bc47d5d1490df2b36add65d733eafaba,25,24,1004.8,41.86666666666667,1.0416666666666667
bc503e244f187939d10c92a5c8e378ce,16,7,637.67,91.09571428571428,2.2857142857142856
bc8c8d665ec4664d286be0d521722b19,1,1,22.5,22.5,1.0
bca9230d3bbb4efa51872bf605a2f1ad,5,5,117.57,23.514,1.0
bcc9dd23e2a8bd8267cf92b19304a1b9,3,3,202.79000000000002,67.59666666666668,1.0
bccf933e006e9b94a6184af782963e77,46,45,4162.74,92.50533333333333,1.0222222222222221
bcd2d7510d58e293f20fad6438c1b314,1,1,23.9,23.9,1.0
bce6a5ecf98e99fd2a8868b15c51f04b,15,14,3464.9,247.49285714285716,1.0714285714285714
bcf5566870987da7bc811fbc8c5b9fd9,4,1,96.0,96.0,4.0
bd0389da23d89b726abf911cccc54596,90,87,7472.16,85.88689655172413,1.0344827586206897
bd0a1b0aadca9a83d9304f7e8ff5fbd5,4,4,150.6,37.65,1.0
bd149ed516d4c5d418d5781f8e18919f,9,8,414.0,51.75,1.125
bd15ee794d5e640d9dd71b665b2ab15b,12,12,374.79999999999995,31.23333333333333,1.0
bd1d49a326abfa9b1036772e40445430,13,12,637.7,53.14166666666667,1.0833333333333333
bd23da7354813347129d751591d1a6e2,90,89,10544.300000000001,118.47528089887642,1.0112359550561798
bd43e172d599bed47a85da877172ca8c,1,1,23.92,23.92,1.0
bd4431c1a8dfa744b59e1e2a8bc99b9e,7,7,809.5,115.64285714285714,1.0
bd4889b5e9133b35b66e42a8665cea5c,42,36,6271.9,174.21944444444443,1.1666666666666667
bd4ff04377f974574f7f0bf9d6ce7dde,4,4,164.96,41.24,1.0
bd65d163ded559eb90a10cd09fec178f,2,1,19.8,19.8,2.0
bd697db56ff8e7c9cd1abeb7f72029b2,22,22,3069.78,139.53545454545454,1.0
bdae679a9b282249bc23b9b69dae9a99,12,6,663.15,110.52499999999999,2.0
bdb3edbaee43a761e2d4f258dc08f348,5,5,259.5,51.9,1.0
bdf0d02d36a1d839d0c39c4a887cdd49,7,5,120.0,24.0,1.4
be1e9e378700cecaa4ebf71433d7915c,2,2,119.89000000000001,59.94500000000001,1.0
be3b4b0f050a6aa1b2d901c4b77e979f,8,3,578.1999999999999,192.73333333333332,2.6666666666666665
be67f78487e2cecb0d55bc769709e4f5,1,1,102.0,102.0,1.0
be7a093e5b4d147b36b72bb1f9e415e5,1,1,60.9,60.9,1.0
be8e909810184b9b19e886129149d8e5,15,15,629.85,41.99,1.0
be9a160a9011f627c3e121d076c1ec7b,7,7,2934.0,419.14285714285717,1.0
beadbee30901a7f61d031b6b686095ad,68,64,4373.98,68.3434375,1.0625
bec568278124768c474ee90971ca94d1,2,2,219.9,109.95,1.0
bede56095ba33c42038fb85f707b8a42,2,2,3973.9,1986.95,1.0
bee36b4f9a2b9fdcaff6ec05df202ed0,2,2,33.8,16.9,1.0
bf00385a5f7fc1ef39a13c2e9ee50a5f,29,29,870.3,30.010344827586206,1.0
bf0045791395e66460eb04749c68672a,2,2,119.8,59.9,1.0
bf0d50a6410d487dc97d2baac0a8c0be,1,1,27.9,27.9,1.0
bf100ecb7997df312b285358fb32f92c,21,20,1991.9,99.595,1.05
bf3c6d2a28b2b5501e6c15448982dcc9,43,35,3956.5,113.04285714285714,1.2285714285714286
bf84056e679dbe9c69929847a40e338f,40,36,2024.04,56.22333333333333,1.1111111111111112
bf961104a38e01b9062ee026bb657dee,4,4,585.56,146.39,1.0
bfd27a966d91cfaafdb25d076585f0da,118,117,19921.0,170.26495726495727,1.0085470085470085
bfd938b22bc99bce1ae60dc602889f52,12,6,922.8000000000001,153.8,2.0
bff9deb0ec77d437f3305a79cf25529e,5,5,161.95,32.39,1.0
c003204e1ab016dfa150abc119207b24,202,197,25108.09,127.45223350253808,1.0253807106598984
c00396cbdd2e088fe4281baa5920aef1,3,1,832.4100000000001,832.4100000000001,3.0
c004e5ea15737026cecaee0447e00b75,2,2,4700.0,2350.0,1.0
c0098efcf800861dcae589affca31408,9,9,1189.28,132.14222222222222,1.0
c013e57c075a06e5b5c48ee03c525719,45,42,1971.55,46.94166666666666,1.0714285714285714
c026ef0d72e9132d9fa112308090c8dc,1,1,520.0,520.0,1.0
c03121937e54a93fcc1825c3098bbb6e,7,7,1043.0,149.0,1.0
c04d70d515d15a7e3db3a73320598566,4,3,158.2,52.73333333333333,1.3333333333333333
c0563dd588b775f2e37747ef6ad6c92c,28,28,3697.2000000000003,132.04285714285714,1.0
c092292535a57dacd95a8765f5518f87,1,1,125.0,125.0,1.0
c0aff2da32c17759d30b22fb0af6649d,5,4,188.8,47.2,1.25
c0e0b73d039eb9a99b6ce4cb7a429cd3,1,1,29.88,29.88,1.0
c0e6839516f5398edc34adf5f1d53d1a,3,3,432.92,144.30666666666667,1.0
c0f3eea2e14555b6faeea3dd58c1b1c3,1,1,79.99,79.99,1.0
c0f783394e37cd9c9d7f5f81141450fa,6,6,249.39999999999998,41.56666666666666,1.0
c113b8df1fc375bc3d73d29c1b1144d1,5,3,333.0,111.0,1.6666666666666667
c12b92bf1c350f3e6bf88d3596219c86,17,17,4808.78,282.8694117647059,1.0
c12d7463a579237ffb9248bd7cff378b,1,1,25.9,25.9,1.0
c13ef0cfbe42f190780f621ce81f2234,1,1,390.0,390.0,1.0
c13fb473e7cb8b83ccd543c094df0608,2,2,54.8,27.4,1.0
c1552b1dab6e6f760950368ae61fb600,2,2,53.8,26.9,1.0
c157bdeedcbc9a8e3c8bf0d87ff24428,10,7,514.27,73.46714285714286,1.4285714285714286
c161d1327ebc3a156c09582ab2f59f6c,3,3,52.99,17.663333333333334,1.0
c18309219e789960add0b2255ca4b091,1,1,9.9,9.9,1.0
c1849d4d32d7a6cecd5aa471809d3135,3,3,388.98,129.66,1.0
c1d1ebb4745cc43cb6f05e9c8a705c9a,3,3,34.5,11.5,1.0
c1dde11f12d05c478f5de2d7319ad3b2,1,1,12.5,12.5,1.0
c1ed9e3daf6154542826a6996af0fb8c,17,9,971.25,107.91666666666667,1.8888888888888888
c1f12f926d0ba950578b4fa41115cbb6,4,2,479.6,239.8,2.0
c200c73f9d7e5a08ca439d6a0803da7c,2,1,40.0,40.0,2.0
c240c4061717ac1806ae6ee72be3533b,1,1,59.9,59.9,1.0
c24173065483e421f9e5e7f599de101d,9,9,373.91,41.54555555555556,1.0
c26a2be5b53b7db6b276280da212a779,18,13,7482.0,575.5384615384615,1.3846153846153846
c26ba52cf8d2f34915f2f6b7ffa0a3f3,4,4,125.96,31.49,1.0
c273175f7c6c80fb02f051e2fc6d0d72,14,14,1188.23,84.87357142857142,1.0
c286ec035ee04ba81c97508f0b5df544,2,2,493.0,246.5,1.0
c2bda99904207edd1834f03e0022b007,2,2,79.8,39.9,1.0
c2d70ce2c5d0a2eb75e78668236e6dc8,15,13,2470.9,190.06923076923078,1.1538461538461537
c31eff8334d6b3047ed34bebd4d62c36,123,122,13191.5,108.12704918032787,1.0081967213114753
c3251e13f1bbda6c74e37c160f991e19,2,2,437.79999999999995,218.89999999999998,1.0
c32fc744b9160ac853450488e3cfea93,3,3,185.70000000000002,61.900000000000006,1.0
c33847515fa6305ce6feb1e818569f13,128,114,15519.85,136.1390350877193,1.1228070175438596
c33a5c3c983090c8b78a28e65052a20d,9,9,629.1,69.9,1.0
c353f8fc0ce8344999f17d578eb69a5e,2,2,175.98,87.99,1.0
c35672b10ad50968f567ea3f4b91e877,22,18,1150.57,63.92055555555555,1.2222222222222223
c35affa65afd250151285c5917fc1c8a,9,9,5279.91,586.6566666666666,1.0
c360e4787614ed31ac7a2f95d3b22dc6,1,1,188.9,188.9,1.0
c37b2059d4f90d4feead554e5246565e,16,12,839.3,69.94166666666666,1.3333333333333333
c3867b4666c7d76867627c2f7fb22e21,259,245,37153.4,151.6465306122449,1.0571428571428572
c394e193cda3b4225ff2094d32184849,12,3,3419.88,1139.96,4.0
c398bc00a606d33758afd91f4e64fd15,2,2,150.0,75.0,1.0
c3aad7dc65449ae90a5e9c3c6c1e78e0,6,6,510.0,85.0,1.0
c3acdfac4e3e97ff87529454fbc03642,12,12,16788.0,1399.0,1.0
c3cfdc648177fdbbbb35635a37472c53,307,278,43048.18,154.84956834532375,1.10431654676259
c3e1abd72a42fe690fcd89cf5720fe29,13,13,1798.61,138.35461538461539,1.0
c3e2398fcc7e581cda2e546557bf6968,1,1,14.9,14.9,1.0
c3ee2331a724e6fc02c4b698b57a73f3,3,2,1347.0,673.5,1.5
c3f5668699a1b04c0fa61ecea1e2bff6,3,3,407.81,135.93666666666667,1.0
c3fe93ba3085f92855c97e57f38c8c05,7,7,245.0,35.0,1.0
c42fd8e4d47dfb18ce5222f2dd7752f9,11,7,466.99,66.71285714285715,1.5714285714285714
c43d924a0f1688ee9fae0efcd6f539d4,1,1,29.9,29.9,1.0
c447f8dd3ed213f291d65ef074a268eb,8,7,655.0,93.57142857142857,1.1428571428571428
c458e2045a8aa8964f8879af03fdcce6,9,4,494.91,123.7275,2.25
c4af86330efa7a2620772227d2d670c9,4,4,5396.0,1349.0,1.0
c4b911d06343b21dd906651f8101cb49,2,2,90.98,45.49,1.0
c4d51195486dc781531876a7d00453d8,17,17,11468.98,674.6458823529412,1.0
c4f7fee5b0db50e87766f5a4d1b1b758,9,8,11961.829999999998,1495.2287499999998,1.125
c4fabeea6e569d42d02993bb1f4f1cbc,11,11,859.3000000000001,78.11818181818182,1.0
c4fb51fb1c5b7c07bc5e67be6e7e8f6e,16,15,1567.9,104.52666666666667,1.0666666666666667
c500367424994318b9e779ff1ae9a330,9,9,4346.4,482.9333333333333,1.0
c510bc1718f0f2961eaa42a23330681a,13,13,12251.0,942.3846153846154,1.0
c522be04e020c1e7b79f3acff36513d5,7,7,739.9300000000001,105.70428571428572,1.0
c52c644cc0dc85121207a27013efc6af,2,1,397.8,397.8,2.0
c53bcd3be457a342a97e39e5a9f0be22,5,5,509.5,101.9,1.0
c542f5a8c64d973f30e9df8d06f70b4a,1,1,81.0,81.0,1.0
c54679b132454625907c773d273d4126,8,7,1032.0,147.42857142857142,1.1428571428571428
c5e60e39c0f42b8e827daa13cff74afa,8,6,134.0,22.333333333333332,1.3333333333333333
c5ebe6598748b0aeaa61cfb820478b92,3,3,297.0,99.0,1.0
c5f7e746b7e6d07def6c0dae9903279b,11,10,1429.0,142.9,1.1
c5f7feb04a6a1fb3596322bfc3cf1917,11,11,1720.6,156.4181818181818,1.0
c60b801f2d52c7f7f91de00870882a75,41,41,12913.5,314.9634146341463,1.0
c611f4ce9ce875bcc063fa97fd4d7d12,1,1,319.0,319.0,1.0
c6218512d16fcac0af02fe92691cf274,8,8,674.0,84.25,1.0
c6381b1321d7d97717a5bb4ed5b77882,3,2,66.0,33.0,1.5
c6381d2d013342748761e906d45aff76,28,15,2042.98,136.19866666666667,1.8666666666666667
c64a2aec32cc408a8a4c6d7c46017f91,9,9,3221.5,357.94444444444446,1.0
c66dccfb3f109511246da627dd5a2498,45,45,12708.55,282.4122222222222,1.0
c679fb69a36e1d8349e8c50a217b4d58,17,14,1825.68,130.40571428571428,1.2142857142857142
c68fb906c8f4b4b946d8386bfa6e5467,48,45,4541.16,100.91466666666666,1.0666666666666667
c6a7539d424a8402232c2228d7a03c5e,15,10,607.5,60.75,1.5
c6bda72e4dbf5c5866b13cb1810c6d03,59,59,14059.380000000001,238.29457627118646,1.0
c70a353f02429c00775a46a75fb787da,6,6,242.0,40.333333333333336,1.0
c70c1b0d8ca86052f45a432a38b73958,338,261,36537.369999999995,139.98992337164748,1.2950191570881227
c714262700f93defc16bf17a51a4cb23,4,4,421.8,105.45,1.0
c716e0b86ed568878475b60fbb6323ad,1,1,35.0,35.0,1.0
c7246702dc991a06d788120dc7544391,1,1,54.86,54.86,1.0
c72de06d72748d1a0dfb2125be43ba63,22,21,17522.0,834.3809523809524,1.0476190476190477
c731d18cea9bf687ffee82a241c25b11,26,24,3662.0,152.58333333333334,1.0833333333333333
c747d5b92c7648417faea95d36d763e8,1,1,139.0,139.0,1.0
c74f14c1e26cf1bd5bd34b6a1e274426,1,1,39.0,39.0,1.0
c76d418370990614e89e956c7a7567d9,2,2,305.24,152.62,1.0
c79151301b9d90985d1fa52879213105,8,4,322.3,80.575,2.0
c794dab4928dd97beb41d05514441e86,16,16,1312.3999999999999,82.02499999999999,1.0
c7a0a13cbcf29d5ce51c8f80afdc0b89,9,8,483.08,60.385,1.125
c7b7db6c8f3c64a7cc1afa634db21d50,1,1,1489.0,1489.0,1.0
c7bb64409aa480bb7d0335faaaf3d242,4,4,97.6,24.4,1.0
c7c7b2682c648339a0e9846bb1023a39,3,2,168.0,84.0,1.5
c7dcd301ecfe5ab7f778ac172cf74be7,4,4,457.69,114.4225,1.0
c7fdb77fdbff3c41981bc52f787e959e,12,10,696.32,69.632,1.2
c8025364abeecb115431bf95c11a747f,2,2,928.0,464.0,1.0
c8143b3069f6746a77421b5ce30a450c,1,1,142.47,142.47,1.0
c826c40d7b19f62a09e2d7c5e7295ee2,373,354,45643.74,128.9371186440678,1.0536723163841808
c840d3fdbba0790404fdae73d253b253,14,9,4522.28,502.4755555555555,1.5555555555555556
c8417879a15366a17c30af34c798c332,36,26,1767.9,67.99615384615385,1.3846153846153846
c84592044b180dec206770c38603814b,15,15,511.94000000000005,34.129333333333335,1.0
c8467937e403e76a8ee9f0ab13f6f5ef,33,30,1853.79,61.793,1.1
c847e075301870dd144a116762eaff9a,43,42,15348.7,365.4452380952381,1.0238095238095237
c85d7b477a709c85a1e8b8f25aa1b270,2,1,75.0,75.0,2.0
c864036feaab8c1659f65ea4faebe1da,58,58,10454.2,180.2448275862069,1.0
c8660dcf9ba70575f45d80fe28c27713,7,4,335.0,83.75,1.75
c8665a4dd081a2c436b1cd921079d0d9,1,1,79.39,79.39,1.0
c8771b1a10bb99bb34d3c459c5cffb53,1,1,64.9,64.9,1.0
c878515173c84a492ebe50d6b493230b,10,9,1118.84,124.31555555555555,1.1111111111111112
c87abc38c8ed3240861729e1aeadf221,1,1,133.0,133.0,1.0
c88f62b4c386a59281014d677864d016,1,1,1099.0,1099.0,1.0
c89cf7c468a48af70aada384e722f9e2,14,14,745.0,53.214285714285715,1.0
c8b0e2b0a7095e5d8219575d5e7e1181,85,84,12170.210000000001,144.8834523809524,1.0119047619047619
c8b3445d737de6befde0c88ede534a5e,36,30,3149.04,104.968,1.2
c8c1bea22194a4eefa2dc9a9fa89f536,13,7,1266.0,180.85714285714286,1.8571428571428572
c8cc60ffd415254af5d9b9f34f32c369,9,8,722.2,90.275,1.125
c8e135e7b21ecbc36c1153a29d2f5a06,7,7,1165.5,166.5,1.0
c963a25b8671419c6ce9eebe8fd03218,1,1,49.0,49.0,1.0
c97aa4ee7420f937da13b7f9e2228b99,1,1,29.9,29.9,1.0
c990d6cf976a5718aaedc539f383ab88,11,10,200.9,20.09,1.1
c9a06ece156bb057372c68718ec8909b,14,14,4688.9,334.9214285714285,1.0
c9aafcd0621b2207c10e32c649cada4d,52,44,2997.25,68.11931818181819,1.1818181818181819
c9c7905cffc4ef9ff9f113554423e671,139,127,10657.18,83.9148031496063,1.094488188976378
c9d2ba8dde44a275ae06475ed1d2fafc,1,1,28.79,28.79,1.0
c9e5ad1f6647f5dbd1172adf6ae3cada,4,4,259.03,64.7575,1.0
ca3bd7cd9f149df75950150d010fe4a2,138,71,9731.85,137.06830985915494,1.943661971830986
ca4b77513ac2040591b0d8fae6958380,15,14,1772.45,126.60357142857143,1.0714285714285714
ca5832c6960267b71041f74bb39e8b12,1,1,79.9,79.9,1.0
ca77545ca4d2dfd1431bf61334e2fa3c,10,6,760.0,126.66666666666667,1.6666666666666667
ca7c6bd577e559472af1c699de9e764e,8,6,148.0,24.666666666666668,1.3333333333333333
caa9bc43a9fe8cf9c564ddd8a03cc4a6,14,13,803.87,61.83615384615385,1.0769230769230769
cab85505710c7cb9b720bceb52b01cee,209,206,11389.1,55.286893203883494,1.0145631067961165
cac4c8e7b1ca6252d8f20b2fc1a2e4af,83,75,4168.18,55.57573333333334,1.1066666666666667
cac4e0bc1a3269fa2b6ea5e763f6115b,3,2,57.88,28.94,1.5
cac63f48c38cd7d002a7e846dcd99a23,10,10,874.0,87.4,1.0
cac876b37d3abcd6bd76caca30277996,33,27,2229.77,82.58407407407407,1.2222222222222223
cad10cc982ab6a391570c211b995c17c,1,1,47.4,47.4,1.0
cad9969167c09b48ae6f1d123f7fa68d,2,2,43.2,21.6,1.0
cb0b3bcf14e0a709df412a99424a59d7,2,2,460.0,230.0,1.0
cb162c8eef257253782d245c08d9097c,1,1,34.99,34.99,1.0
cb32766839f443db85c82a43c4a6c19e,2,2,234.0,117.0,1.0
cb3dd9ce66268c7a3ca7241ac70ab58c,52,50,2879.76,57.595200000000006,1.04
cb41bfbcbda0aea354a834ab222f9a59,12,12,4002.0,333.5,1.0
cb4a705d00e100b9732d0ca34817d441,2,1,998.0,998.0,2.0
cb5df0dcb9e280b1780e9d589889f2c7,19,16,2934.7200000000003,183.42000000000002,1.1875
cb5ff1b9715e99589f3e0c7a6afab9e3,4,4,85.0,21.25,1.0
cb6c9f5888a7a090c75beaf615925792,11,11,779.8900000000001,70.89909090909092,1.0
cb810bd318f51b3dc3c753944d61a1fa,1,1,1750.0,1750.0,1.0
cb8bcce248bb1fb274ba762d8b971456,69,68,9402.2,138.26764705882354,1.0147058823529411
cb9fb4ca75d7ba8437480e8dde64fe98,10,10,532.14,53.214,1.0
cbbd5ae8f53de5f5097cd8217b529e24,2,2,351.8,175.9,1.0
cbd996ad3c1b7dc71fd0e5f5df9087e2,196,165,8411.04,50.976000000000006,1.187878787878788
cbf09e831b0c11f6f23ffb51004db972,10,10,1535.2,153.52,1.0
cc1f04647be106ba74e62b21f358af25,1,1,11.9,11.9,1.0
cc3d14116804f7209f3884f6367f1152,30,27,5477.8,202.8814814814815,1.1111111111111112
cc419e0650a3c5ba77189a1882b7556a,1775,1706,104288.42,61.13037514654162,1.0404454865181711
cc5a78bbad32776dc4e3af205218368c,38,33,4269.18,129.36909090909091,1.1515151515151516
cc63f0dd2acba93ffed4fe9f8e0321fa,63,55,7096.71,129.03109090909092,1.1454545454545455
cc80e2f693fa6e2408f47ccf62413fc1,2,2,420.0,210.0,1.0
cca3071e3e9bb7d12640c9fbe2301306,830,712,64009.89,89.9015308988764,1.1657303370786516
ccada0ef508e698917a6eab263375905,3,3,172.8,57.6,1.0
ccb83a794700270fde70898fe9ff368b,12,12,11062.0,921.8333333333334,1.0
ccbd753e6863fe7314dc6c0ca5a074e7,1,1,495.0,495.0,1.0
ccc4bbb5f32a6ab2b7066a4130f114e3,192,187,74004.62,395.7466310160428,1.0267379679144386
cce6ab8d1682639fe45ab70234f1665f,66,63,2522.7,40.04285714285714,1.0476190476190477
ccf8813e5a7d6c84d865cd38bfc2b130,26,26,2635.5,101.36538461538461,1.0
cd06602b43d8800bd0afad514919d35c,53,44,2588.07,58.81977272727273,1.2045454545454546
cd2169d9f31ff6fbb9ca3373b0c9e354,1,1,569.0,569.0,1.0
cd233f8bfa30ebfd651f47ee7d054951,1,1,79.9,79.9,1.0
cd3d09fbe6e3e9ff0c0ac0c300e93ae7,12,12,651.04,54.25333333333333,1.0
cd52a8efd71af3336b14b5039b951cc1,3,3,170.8,56.93333333333334,1.0
cd68562d3f44870c08922d380acae552,132,125,18569.7,148.5576,1.056
cd6efc47efaabf134f8bdb654e10b4f1,32,31,4158.55,134.1467741935484,1.032258064516129
cd843d4cf8ef32827de0396605163ba3,5,5,1915.0,383.0,1.0
cda598c48d7c614bc1cad7d8ff6f0010,18,17,1118.6000000000001,65.80000000000001,1.0588235294117647
ce20a2ec1514c25e16f2b5b39bc818f0,7,4,287.0,71.75,1.75
ce248b21cb2adc36282ede306b7660e5,66,65,15230.06,234.30861538461536,1.0153846153846153
ce27a3cc3c8cc1ea79d11e561e9bebb6,164,135,10682.65,79.13074074074073,1.2148148148148148
ce33c6211beaa8fef4cae8b52db39862,1,1,49.0,49.0,1.0
ce3ad9de960102d0677a81f5d0bb7b2d,1,1,158.0,158.0,1.0
ce4755084bc097113867e6454f8f5e52,1,1,18.9,18.9,1.0
ce616e1913288884e7742faac9d981db,24,15,365.1,24.34,1.6
ce69a8021d18961dd2a40269b7c2c293,19,19,4818.0,253.57894736842104,1.0
ce7d1888639e6fb06b2749cbfdac1ff7,84,78,11793.89,151.20371794871795,1.0769230769230769
cea729054f157f5870bdd321a958d994,26,24,2482.1,103.42083333333333,1.0833333333333333
ceaec5548eefc6e23e6607c5435102e7,211,203,52917.18,260.675763546798,1.0394088669950738
ceb7b4fb9401cd378de7886317ad1b47,1,1,399.9,399.9,1.0
cecd97bc34ed8330bd4cd15713eda670,1,1,57.99,57.99,1.0
cee48807215b30a12ca2ca10ffb5f250,40,39,7212.2300000000005,184.92897435897436,1.0256410256410255
cf1313c6e2c01c2f4b014f97db4bcd2b,5,5,315.70000000000005,63.14000000000001,1.0
cf2384dd2f1dddea3f838efed0945e65,16,16,2101.5,131.34375,1.0
cf281cf8b7affbdfe751b29cc85580e1,1,1,64.9,64.9,1.0
cf654707ed6a99f112c7ec3d6f314b8b,4,3,756.0,252.0,1.3333333333333333
cf6f6bc4df3999b9c6440f124fb2f687,1,1,3.5,3.5,1.0
cf8ab1616079e2793aa29d524df01bb1,9,9,14391.0,1599.0,1.0
cfa5ab0e4d3fc212fd0b3410e7081c62,21,16,6180.8,386.3,1.3125
cfb1a033743668a192316f3c6d1d2671,184,147,12803.64,87.09959183673469,1.251700680272109
cfd7ddab722b902f7ac5b5f3ba6d723d,13,12,3385.0299999999997,282.0858333333333,1.0833333333333333
cfe94489ddd337d1e29e12f2a7205d10,24,20,2376.0,118.8,1.2
d03698c2efd04a549382afa6623e27fb,21,18,8865.47,492.52611111111105,1.1666666666666667
d05ae8f7a5bd1d2a690a44cd079e4e27,81,78,13436.0,172.25641025641025,1.0384615384615385
d06d019f72a04e5497a0b64190af170c,17,17,2415.93,142.1135294117647,1.0
d0d70d21e2234dd7cd3cf63fe414148a,9,8,598.4,74.8,1.125
d101c6da914ae3d53f7bee42283f2fe2,16,13,1297.4,99.80000000000001,1.2307692307692308
d12c926d74ceff0a90a21184466ce161,99,78,3944.18,50.56641025641026,1.2692307692307692
d13e50eaa47b4cbe9eb81465865d8cfc,69,67,7155.05,106.79179104477612,1.0298507462686568
d149de2f383552baea37a7198c2296ce,3,3,320.70000000000005,106.90000000000002,1.0
d1582f4043306e6b91afa6a8a884f898,9,9,990.0,110.0,1.0
d17f467e4bf608a510c20d82f4ba3b6b,12,12,3021.66,251.80499999999998,1.0
d180e07dc1e58c31c3f0cd599dc4d945,1,1,58.8,58.8,1.0
d197aa8fbc64087f61984deef05f6227,7,6,519.09,86.515,1.1666666666666667
d1a1b40ec554c593a1a99366746289dd,1,1,49.7,49.7,1.0
d1a5cc844736958c11b8efab9a2b4c87,1,1,237.6,237.6,1.0
d1aa1ec0839dcab73a6161130eb1f94a,1,1,119.9,119.9,1.0
d1b65fc7debc3361ea86b5f14c68d2e2,41,40,11703.07,292.57675,1.025
d1b9d4be4b6f9ebd85f8acd6745ba612,11,11,1154.35,104.94090909090909,1.0
d1c281d3ae149232351cd8c8cc885f0d,240,215,26942.6,125.31441860465115,1.1162790697674418
d1c7fa84e48cfa21a0e595167c1c500e,12,12,1156.03,96.33583333333333,1.0
d1e2fe627180431ffda076abb303c56f,1,1,289.0,289.0,1.0
d1ef48b38baca7e831711c4a0aeb398f,35,29,1469.1200000000001,50.65931034482759,1.206896551724138
d20b021d3efdf267a402c402a48ea64b,106,90,4140.17,46.00188888888889,1.1777777777777778
d23019c84ffae2d5ef2270367b8605fc,39,39,29205.1,748.8487179487179,1.0
d2374cbcbb3ca4ab1086534108cc3ab7,631,524,21223.92,40.5036641221374,1.2041984732824427
d2572f31e9023e9850ef986a636ff9bf,1,1,279.0,279.0,1.0
d25aa0aaacb370e912f8cf6efeba38b3,21,17,2658.45,156.37941176470588,1.2352941176470589
d263fa444c1504a75cbca5cc465f592a,1,1,399.0,399.0,1.0
d26aa40b90272d4843d63be7c1462c8d,2,2,152.9,76.45,1.0
d297f1055de2956aedfd3b04113dce3e,1,1,54.3,54.3,1.0
d29ba1220fb8634fa3a107e54497b8a4,9,9,724.94,80.5488888888889,1.0
d2df77822373f19934e87694d8640767,2,2,155.9,77.95,1.0
d2e753bb80b7d4faa77483ed00edc8ca,15,14,1320.7,94.33571428571429,1.0714285714285714
d2f3e277560ed4c6361284429b00f037,7,7,320.55,45.792857142857144,1.0
d32e3909cfb714fb2a6cb092c85b9c5f,11,10,2827.9,282.79,1.1
d354c38a7182125a748cb10474fe963b,20,18,1610.33,89.46277777777777,1.1111111111111112
d3674f271c91f824f82d24d92011f669,20,20,1718.3,85.91499999999999,1.0
d36b07fd3c5088e477a72d1fccfe29d4,1,1,328.9,328.9,1.0
d379f449f2a3b271bc01c0782020f705,29,28,4423.06,157.9664285714286,1.0357142857142858
d3891911c2feae53c52fea2bd14054e5,2,2,141.0,70.5,1.0
d3dcf0604eabf0224fbd5948b5e02f69,9,9,2902.2999999999997,322.47777777777776,1.0
d3e7d37c0df9aef383f3f2a15b0dddfb,1,1,161.0,161.0,1.0
d3f39f05462b79a4562d35893a28f159,38,34,2411.3,70.92058823529412,1.1176470588235294
d4828feed4cda2cd9d6b37899a95a71e,1,1,39.9,39.9,1.0
d4910f1cdcfdabd48d6b316e395d4a23,12,11,1146.88,104.26181818181819,1.0909090909090908
d4a5e99e0dd915df64ba55a7fbd583fd,6,2,65.15,32.575,3.0
d4d99b60c4c94cd35acd502cec65dc8d,1,1,72.9,72.9,1.0
d4e12e7884759a14fa0f5f896c791cae,32,29,1400.0,48.275862068965516,1.103448275862069
d4e4b5192cba4e0e66eb12a9d347239d,12,12,441.8,36.81666666666667,1.0
d4f117125b59ce73c3302f88ee40c458,17,17,783.29,46.07588235294117,1.0
d4f91e8be86b38da2ee35bc489645a9d,1,1,49.99,49.99,1.0
d4ffeb15b67e81ff9af2b4252d99fb7e,12,11,1400.4,127.30909090909091,1.0909090909090908
d50d79cb34e38265a8649c383dcffd48,70,70,13012.42,185.8917142857143,1.0
d51e0a403fe2e689ece6c73359d96e12,26,19,7790.0,410.0,1.368421052631579
d52cbce9845184537284a23c3bc3da0e,4,2,75.0,37.5,2.0
d558ebe531605a1285ab2b1bc3256dfb,3,3,709.0,236.33333333333334,1.0
d566c37fa119d5e66c4e9052e83ee4ea,73,65,5145.7,79.16461538461539,1.123076923076923
d57e18d5f73c7ccb7f7339b61166898d,63,61,3187.7,52.25737704918033,1.0327868852459017
d58d521f3789def2e7a22715e0badd93,2,2,65.98,32.99,1.0
d594982fd877af63ace38ea1fca27c76,7,7,217.04,31.005714285714284,1.0
d598f929fc44e1e38678e7f47250ec04,1,1,69.9,69.9,1.0
d5b9a084373da994a6e37f732169a853,7,7,1769.0,252.71428571428572,1.0
d5ba419e26d246a0719437cf37d9b46d,35,34,4061.4,119.45294117647059,1.0294117647058822
d5c530f4884a75ae0dba9c148718d278,9,6,280.88,46.81333333333333,1.5
d624126b9206f595fb3fbb6ba03b28a8,28,23,7198.8,312.9913043478261,1.2173913043478262
d63c73efd41eb002280e7ec831424edb,2,2,5598.0,2799.0,1.0
d63f306de130e0391d38a792541723b8,1,1,49.0,49.0,1.0
d650b663c3b5f6fb392b6326366efa9a,60,60,19242.9,320.71500000000003,1.0
d65f31d2413268e671989503f6cf9993,3,2,488.8,244.4,1.5
d66c11a9572221d92fbb8c4897db5f9b,16,16,776.56,48.535,1.0
d66c305afaec317ebee552073a674429,47,41,4886.46,119.1819512195122,1.146341463414634
d673a59aac7a70d8b01e6902bf090a11,84,79,3908.94,49.48025316455696,1.0632911392405062
d6ab728cf30867cf3f1a2e216ae2f9b7,14,12,2002.0,166.83333333333334,1.1666666666666667
d6b1ce66b035a475f00c017792ff9769,108,92,12277.4,133.45,1.173913043478261
d6b664fa0667064c6d76394e7848d790,6,6,6080.0,1013.3333333333334,1.0
d6cd01c59123df02fc226eadbadb5f89,3,2,244.9,122.45,1.5
d71d863e5ef30d94e440c11be17dcd8f,36,29,11900.9,410.3758620689655,1.2413793103448276
d73cbd89533ce8b041a9190241453ac8,4,4,368.6,92.15,1.0
d7485b33791774c36108f8c69602d48d,10,10,399.82,39.982,1.0
d7827b2af99326a03b0ed9c7a24db0d3,1,1,1455.0,1455.0,1.0
d79e8478eed9999493990b44955fb22e,5,5,721.89,144.378,1.0
d7ab82074b5f1dfba46db123df101bff,3,2,38.67,19.335,1.5
d7b2377bae6ace1b11fc69a11900ac36,4,4,329.6,82.4,1.0
d7d517afce974cd491b8d52bb5b5b1fc,1,1,89.99,89.99,1.0
d7f1cfc638473be93baedbfd02208016,1,1,30.0,30.0,1.0
d85efbc8eff2b7adf524e2820569adc8,1,1,55.0,55.0,1.0
d8b8f2cf9ff6ba0389072541cb42498c,1,1,149.0,149.0,1.0
d8bf0fc082fd4a77fc2e5679b6c00133,1,1,139.9,139.9,1.0
d8c7ba53e7e38711eaef8c2849d6d2e1,22,22,1190.87,54.13045454545454,1.0
d8cf3b6a2151949f930d0252b180ec42,19,6,623.7,103.95,3.1666666666666665
d8d9567d0bfb0bc7eb845a205ba42657,4,4,74.6,18.65,1.0
d8dd176509baa37f359644d082bf7f7b,2,2,198.0,99.0,1.0
d90fe2229fee1a5da999ccd0c06c1667,3,3,450.0,150.0,1.0
d91fb3b7d041e83b64a00a3edfb37e4f,536,535,40889.74,76.42942056074766,1.0018691588785047
d921b68bf747894be13a97ae52b0f386,77,77,15645.8,203.1922077922078,1.0
d93844a9c55ba7ce353388bcf849ea56,14,12,2708.5,225.70833333333334,1.1666666666666667
d93919c944be9cff128f6c9cb899eacb,33,33,2666.7000000000003,80.80909090909091,1.0
d93b8458c6fe139d85cfa5eadbf55bd2,1,1,19.9,19.9,1.0
d9442042130b7fe579d1295f9f4a248f,22,19,772.16,40.64,1.1578947368421053
d94a40fd42351c259927028d163af842,110,101,13823.8,136.86930693069306,1.0891089108910892
d94ba08b99bedd6a5f6c875ecc4a6fac,10,9,599.0,66.55555555555556,1.1111111111111112
d97df38225e5abadaff1e72cb72b823c,29,29,1846.0,63.6551724137931,1.0
d98eec89afa3380e14463da2aabaea72,183,168,6968.53,41.479345238095235,1.0892857142857142
d9a84e1403de8da0c3aa531d6d108ba6,59,54,1425.2,26.392592592592592,1.0925925925925926
d9b00a97818674c7f8d8b1ef0e689679,1,1,69.9,69.9,1.0
d9bd94811c3338dceb4181f3dbc0c73e,61,54,6911.02,127.98185185185186,1.1296296296296295
d9c349beabc06aa6ff1c6d68b5e9e22e,1,1,168.1,168.1,1.0
d9cb0052a666de5308b32f32ad5f1b1c,3,3,231.89999999999998,77.3,1.0
d9cd369bffa979d1634f8e1318bf2f1b,3,3,678.0,226.0,1.0
d9d43faf741ceaa8da52fdbb81d9e0e3,8,6,210.0,35.0,1.3333333333333333
d9e7e7778b32987280a6f2cb9a39c57d,13,11,722.5,65.68181818181819,1.1818181818181819
d9e8c084b68fe958861d8f2c21202e6b,12,9,3050.0,338.8888888888889,1.3333333333333333
da03c298e3999e9d828591fc2179d109,5,4,787.7,196.925,1.25
da20530872245d6cd9d2f5725613c430,3,2,314.96000000000004,157.48000000000002,1.5
da2782c804606d2a5d8e1760dbb3e7ec,1,1,89.0,89.0,1.0
da3fede3469bf49b7293ce3fc45b294d,1,1,44.9,44.9,1.0
da4d149c0ddbac90557103ac0a0ec356,1,1,730.0,730.0,1.0
da6a60cc8cc724fe51be021ff8be779c,13,12,728.79,60.732499999999995,1.0833333333333333
da7039f29f90ce5b4846ffc0fcc93beb,18,17,1259.1,74.06470588235294,1.0588235294117647
da8622b14eb17ae2831f4ac5b9dab84a,1551,1314,160236.57,121.9456392694064,1.1803652968036529
dace965ca58120f92f8d742a9fa1864b,8,8,1442.0,180.25,1.0
dadc51ef321949ec9a3ab25cd902e23d,1,1,85.0,85.0,1.0
daeb5653dd96c1b11860f72209795012,41,40,2305.9,57.6475,1.025
daf565f087a52def0fd5c5825b3661bc,9,9,813.9000000000001,90.43333333333334,1.0
db1f0f7c7e5e87f40b62226f020bb297,3,3,59.01,19.669999999999998,1.0
db2956745b3a8e9f3785c99f34b5d25e,48,47,8599.0,182.95744680851064,1.0212765957446808
db4350fd57ae30082dec7acbaacc17f9,146,137,3331.31,24.316131386861315,1.0656934306569343
db46ca7bce82b11f7e247539271fc390,16,16,933.97,58.373125,1.0
db6a4d4b5f1f5f98820ce6ce2619e2de,1,1,135.99,135.99,1.0
db7ed69a53aa9fb1c01930ba54a88bbe,1,1,109.0,109.0,1.0
dbb9b48c841a0e39e21f98e1a6b2ec3e,118,108,7186.85,66.54490740740741,1.0925925925925926
dbbcfe2c8d026742134ac3e28ccde274,4,4,308.59000000000003,77.14750000000001,1.0
dbc22125167c298ef99da25668e1011f,429,406,33776.78,83.194039408867,1.0566502463054188
dbc51f5e45d654ecc16cb68e6817ecea,1,1,199.99,199.99,1.0
dbd66278cbfe1aa1000f90a217ca4695,99,85,4928.9,57.98705882352941,1.1647058823529413
dbdd0ec73a4817971d962698f2fea022,16,16,6384.0,399.0,1.0
dbec9a0a7efeff029d4d9dce7dc4cc95,3,3,1170.0,390.0,1.0
dc120d932ddf9d4dfb6fd68beefda622,1,1,130.0,130.0,1.0
dc317f341ab0e22f39acbd9dbf9b4a1f,58,55,18988.4,345.24363636363637,1.0545454545454545
dc4a0fc896dc34b0d5bfec8438291c80,249,231,24180.77,104.678658008658,1.077922077922078
dc50afafdfa325eadc890c7fa42a8f4e,4,4,424.2,106.05,1.0
dc64d75cc406bb0697be983831430e60,4,4,813.0,203.25,1.0
dc7192adf8ba09569261f4a8d576afe0,8,7,917.0,131.0,1.1428571428571428
dc8798cbf453b7e0f98745e396cc5616,51,41,2056.3,50.15365853658537,1.2439024390243902
dcb7367a92f5ffb89f1e2152ed260285,1,1,79.9,79.9,1.0
dcf3755cefcdc158ad0b7bdde51e871b,3,3,269.70000000000005,89.90000000000002,1.0
dd264199fc8b687ad029de7de6d760e6,1,1,87.9,87.9,1.0
dd2bdf855a9172734fbc3744021ae9b9,113,108,10816.7,100.15462962962964,1.0462962962962963
dd39ad39b5d3df33037e141c72497ba6,2,2,135.8,67.9,1.0
dd4d95ba2d15c071e6c695e2ef6ce169,4,4,1748.0,437.0,1.0
dd533b429f380718b70ad9922c294bae,45,41,2819.77,68.7748780487805,1.0975609756097562
dd5450b022b2d00a2145a66331e1aef6,1,1,59.0,59.0,1.0
dd55f1bb788714a40e7954c3be6df745,37,35,7041.759999999999,201.19314285714285,1.0571428571428572
dd58ee93286b0821565574c570e9e1dc,2,2,2948.0,1474.0,1.0
dd7ddc04e1b6c2c614352b383efe2d36,143,122,9178.51,75.23368852459016,1.1721311475409837
dd88d13bea9e4c2bf47daf224f8141e5,1,1,458.0,458.0,1.0
dd8a29ce82d5c705ba932d81494600a5,2,2,205.75,102.875,1.0
dd9661d3cda1e6feb237f0c4d8b26f2e,1,1,174.0,174.0,1.0
dda37071807e404c5bb2a1590c66326f,1,1,199.99,199.99,1.0
ddd51ae8cda92f3995a51fc0f0f3eec7,25,8,842.6999999999999,105.33749999999999,3.125
dde698c6d0bd24834c586e5111c2bba7,1,1,155.9,155.9,1.0
de09d00cfc265b8804c7df34075a68fa,3,3,784.0,261.3333333333333,1.0
de0c78824586e9a5f5f04fd84e25df39,16,14,2489.3,177.80714285714288,1.1428571428571428
de23c3b98a88888289c6f5cc1209054a,181,164,26399.670000000002,160.97359756097563,1.103658536585366
de66a66f2dd06bb9ec37aa96987466a3,8,7,353.32,50.47428571428571,1.1428571428571428
de722cd6dad950a92b7d4f82673f8833,379,339,55426.1,163.49882005899704,1.1179941002949854
de9727ca376d1be6ec121b110aa7954c,12,10,1058.7,105.87,1.2
deaadd805612bf94faaa9fa702516e11,1,1,50.0,50.0,1.0
debe6615cd90cc0c2eac2b8988e1f628,5,5,278.5,55.7,1.0
dedcab67899479e4ea5dcc4eba47f587,2,2,84.0,42.0,1.0
dee656f0f566ed1aa85bd137c943f08f,95,93,6271.9800000000005,67.44064516129033,1.021505376344086
df0f42bc4c2142eacf0eaf2cffd0cfbb,16,14,1654.0,118.14285714285714,1.1428571428571428
df47da4ae86fa4db890d05aaf24e21d8,5,5,310.5,62.1,1.0
df560393f3a51e74553ab94004ba5c87,29,28,3661.1800000000003,130.7564285714286,1.0357142857142858
df56d7b40d437f88407c5f78b63bc328,25,22,2791.28,126.87636363636365,1.1363636363636365
df683dfda87bf71ac3fc63063fba369d,1,1,39.9,39.9,1.0
df91910b6a03bb2e3358fa6a35e32f6f,14,14,2312.1,165.15,1.0
dfa0c4c6229ab200a4a1336b4d7128ff,86,77,4777.1,62.04025974025974,1.1168831168831168
dfc475d54e1b6dbeeb7d7d9bdaa63827,21,19,1793.76,94.40842105263158,1.105263157894737
dfc5fb7259bb2b599ca565e6e9448f0f,34,33,6124.63,185.59484848484848,1.0303030303030303
dff87e4de60c9736ce8df835951b09bc,2,2,998.0,499.0,1.0
e00d85ce20ea50c1224c66ca5050527d,1,1,149.0,149.0,1.0
e0482f2c769468c3bbcd8a01e09d98c5,1,1,189.0,189.0,1.0
e0487761face83d64fcada2408959a36,2,2,49.25,24.625,1.0
e067ad2c1c0b48758eb1b5228bcf7a68,61,54,5042.55,93.38055555555556,1.1296296296296295
e06f09ec0a4aca210779cf1cfc63cf19,31,29,5279.49,182.05137931034483,1.0689655172413792
e0878efa0e0b7e5313ac0b43bc04c081,29,27,5065.299999999999,187.60370370370367,1.0740740740740742
e09887ca8c7bf8a4621ce481820414ef,4,3,119.96000000000001,39.98666666666667,1.3333333333333333
e0a366315b1b726b6c7832d664c0f530,51,43,7400.09,172.09511627906977,1.186046511627907
e0a3c37054ade6478d923a6efc10f308,2,2,219.8,109.9,1.0
e0b162a693bc7f9eab00f783a31d60ea,1,1,20.0,20.0,1.0
e0eabded302882513ced4ea3eb0c7059,8,8,978.4000000000001,122.30000000000001,1.0
e116c7455dd26a4d8c3e92532583905f,2,1,36.76,36.76,2.0
e1643dff33666ca629e3644c02738179,3,3,170.0,56.666666666666664,1.0
e174dc2de86d60fee178170a154c05e7,1,1,19.8,19.8,1.0
e1a210d482714ce337763a19aef94ba4,1,1,49.9,49.9,1.0
e1b12447a7563944843191754aeb5562,10,9,472.46000000000004,52.49555555555556,1.1111111111111112
e1bed63d68ac36fe1f3061befe196af5,1,1,199.0,199.0,1.0
e1c76f339ebd5460999f25a2aa8c92c5,1,1,899.9,899.9,1.0
e1dc0754bada9ee4cfe9713f22f61292,12,12,885.0,73.75,1.0
e21a1e8be4715b0fcfd5385643bc49c4,24,21,703.5999999999999,33.5047619047619,1.1428571428571428
e24d3429d294b2eb200b064ebb035879,22,19,1878.58,98.87263157894736,1.1578947368421053
e24fc9fcd865784fb25705606fe3dfe7,56,52,12936.0,248.76923076923077,1.0769230769230769
e250d617a0ad591ba9bd663e584a895d,20,8,904.12,113.015,2.5
e256a62e0ac58c0edfba09966142d561,14,12,1474.1100000000001,122.84250000000002,1.1666666666666667
e26901d5ab434ce92fd9b5c256820a4e,221,202,11990.9,59.36089108910891,1.0940594059405941
e2a1ac9bf33e5549a2a4f834e70df2f8,5,5,14999.449999999999,2999.89,1.0
e2aee0892199b1d92530e371abd825bf,41,38,5662.57,149.015,1.0789473684210527
e2c92f9c1c7746d899d18f2e158bbff7,14,14,1894.7,135.3357142857143,1.0
e333046ce6517bd8bb510291d44f0130,74,68,7268.0,106.88235294117646,1.088235294117647
e38db885400cd35c71dfd162f2c1dbcf,32,30,2066.8,68.89333333333335,1.0666666666666667
e3a386fc36e22064434e1fa256f6a9fa,17,16,793.9,49.61875,1.0625
e3b4998c7a498169dc7bce44e6bb6277,3,3,6897.9,2299.2999999999997,1.0
e3d3b3efac954a60d61be70b7e05b49b,3,3,1282.05,427.34999999999997,1.0
e3dd723429d1b23614b7fa85e2c7a853,8,7,471.05,67.29285714285714,1.1428571428571428
e3e15e2c0b9700561efac21c6be48066,4,3,97.24,32.413333333333334,1.3333333333333333
e3e290b38963293022cdcd6db8328103,3,3,135.7,45.23333333333333,1.0
e4253cef933647000a82ff39c67b7bde,2,2,68.0,34.0,1.0
e433f5fd4050e3352b5d83522b7fe24b,1,1,548.06,548.06,1.0
e439f7176d763f92de325271111b2fd5,7,7,1348.4,192.62857142857143,1.0
e45edf75f568ed2f93f78d060e246e25,7,6,164.29999999999998,27.38333333333333,1.1666666666666667
e46bc031f2c5bae4ccb40bb90712e9b4,1,1,277.3,277.3,1.0
e48b04bf1aa1ef711caebeb7aede6180,25,25,3187.1000000000004,127.48400000000001,1.0
e48cc16ab70bfa09e1401740dce0b3d7,17,14,1084.83,77.48785714285714,1.2142857142857142
e49c26c3edfa46d227d5121a6b6e4d37,36,35,3654.25,104.40714285714286,1.0285714285714285
e4ebd3f87bf70440014f07ddda7fbe03,7,7,671.5,95.92857142857143,1.0
e4f121bf6ef8b9a1d4d3e65dd0473fab,2,2,70.0,35.0,1.0
e4fc40017a6d22c46a14ac2e17f87c3e,3,3,387.0,129.0,1.0
e503f22be6a4f456d9851920a5d9c670,2,2,198.9,99.45,1.0
e504a4e2efaa45cbff7e268a2c58c956,12,11,1188.8000000000002,108.07272727272729,1.0909090909090908
e51f22821f0c12a16ad5c020cdcd55e9,4,4,898.71,224.6775,1.0
e53d5b9b29d1218281f4a907ada18626,5,4,350.67,87.6675,1.25
e546117ed9cafbc40239c0c78635c584,2,2,456.0,228.0,1.0
e5475dcab1e07b63d7f6e902d8f5eda8,19,19,2192.0,115.36842105263158,1.0
e5545d4d4473876ea78c5bcebca365c3,1,1,44.5,44.5,1.0
e560e4022d8f7aebf155db95946c5c0f,2,2,780.0,390.0,1.0
e5899683388855d3dabe8913bbe365de,3,3,452.88,150.96,1.0
e58a5b390e28abc0b216cfb0e07d27d7,7,7,1022.6,146.0857142857143,1.0
e595809a6c31ec4314fd06ef198c244d,1,1,39.0,39.0,1.0
e59aa562b9f8076dd550fcddf0e73491,84,70,31574.3,451.06142857142856,1.2
e59e489e2ea74bd409b798b5daf49de3,5,3,495.0,165.0,1.6666666666666667
e59e575a175fadcadf8479e191770425,1,1,199.9,199.9,1.0
e5a3438891c0bfdb9394643f95273d8e,255,224,7738.349999999999,34.54620535714285,1.1383928571428572
e5a38146df062edaf55c38afa99e42dc,125,121,15360.07,126.94272727272727,1.0330578512396693
e5bd51692380fd8cabb19b756b95e714,3,3,119.69999999999999,39.9,1.0
e5c84227854980f1db19a58958c551d9,4,4,72.81,18.2025,1.0
e5cbe890e679490127e9a390b46bbd20,2,2,908.99,454.495,1.0
e5d4b2b0c3bca22085f7a19a28de0c42,4,4,205.8,51.45,1.0
e5def42655b7490edac5a56fe8e9e603,1,1,129.9,129.9,1.0
e5e33c0d8e7e002f398f5dc4cbbb338f,29,28,6698.7,239.2392857142857,1.0357142857142858
e5f9e61ceb5f523cc966e0f34095032f,4,4,2238.0,559.5,1.0
e601b04acf48b4576e73ddca9481f0dc,16,15,491.94,32.796,1.0666666666666667
e603cf3fec55f8697c9059638d6c8eb5,11,8,297.0,37.125,1.375
e627629ba868740e287800f1a9be81c2,13,13,504.5,38.80769230769231,1.0
e628d4a53c109f09ca88098338b3a3f5,1,1,285.0,285.0,1.0
e62b2d6ac10570a035a30bafcf01d263,71,62,5340.39,86.13532258064517,1.1451612903225807
e63e8bfa530fb16910dd6956e592bb81,43,42,1311.7,31.23095238095238,1.0238095238095237
e644cbadf7eeb30d0d29f335ce7d52ec,10,8,878.9,109.8625,1.25
e64882b4ef12aee8d0faca4db5b681f4,2,1,230.0,230.0,2.0
e64d65bc8dbec2accda90c58de5d1246,12,12,1678.8000000000002,139.9,1.0
e64ddbe1cbcf4f2fc3092b7c481f3f9d,1,1,20.9,20.9,1.0
e6a69c4a27dfdd98ffe5aa757ad744bc,29,24,2076.2,86.50833333333333,1.2083333333333333
e6ffc9ac6a7adc9d16a1cfc2286dd546,1,1,34.99,34.99,1.0
e70053bf73d1b5863932e53a9fa47496,7,7,4025.0,575.0,1.0
e72b4feb7abe210c52aa667abc25a3a2,2,1,38.2,38.2,2.0
e732329483fd5f27367dd997b47f598a,1,1,109.9,109.9,1.0
e73bf2cea7fe4b0b4d287a7568ed1099,5,4,737.6999999999999,184.42499999999998,1.25
e76ecc7e9a1a1e3c6df9d2a8261c423d,1,1,20.0,20.0,1.0
e7d5b006eb624f13074497221eb37807,63,28,3478.93,124.24749999999999,2.25
e7df4cd29ab5abab70fb0783ddb53987,24,23,9608.699999999999,417.76956521739123,1.0434782608695652
e7f3bf1ecd8526eb7f3b18059e6716e5,19,18,1471.54,81.75222222222222,1.0555555555555556
e819bcfade7b5d88a27325eb6cfd62c5,11,5,202.89999999999998,40.58,2.2
e81e1f9c3e762e620f3fb60a51499e16,18,17,4465.99,262.70529411764704,1.0588235294117647
e82de6494d91d3c4c54450f59b227a94,3,3,118.9,39.63333333333333,1.0
e83c76265fc54bf41eac728805e4da77,8,8,237.29999999999998,29.662499999999998,1.0
e83e93b71371817b11d78a63ff156aee,3,2,286.0,143.0,1.5
e84ad2127668df3aafc6b73531a0beb8,23,19,987.0,51.94736842105263,1.2105263157894737
e88165a185134e13fdfc85d4fa654db8,2,2,108.0,54.0,1.0
e882b2a25a10b9c057cc49695f222c19,58,57,51057.54,895.7463157894737,1.0175438596491229
e883aa812c37a7413226856f4579fe91,29,26,4097.1,157.58076923076925,1.1153846153846154
e88c9b79e592e370d6bd852eeefbf057,9,8,251.87,31.48375,1.125
e88f7a2995ba184710d339c5c4bf2e30,2,2,251.6,125.8,1.0
e89c4adbe7b1d0819dbb636e16461cf1,25,24,3181.3,132.55416666666667,1.0416666666666667
e8a85b5f3df47be0984c55fd4064dbb4,14,8,743.0,92.875,1.75
e8b3a3a38279a82f0e5d006d5e5b7d2c,92,87,13154.7,151.2034482758621,1.0574712643678161
e8b4225284fbb02d16f200513f1f395d,31,31,5788.52,186.72645161290325,1.0
e8dba4d70f7f2b20e775d09cae01142d,9,9,855.91,95.10111111111111,1.0
e8f6dc8e6a1dcde89d20e3995c8d90b3,48,36,2256.34,62.67611111111111,1.3333333333333333
e8ff5a6ceb895583033fc2a0f314e3c2,1,1,139.89,139.89,1.0
e908c0f3646e8b60375734a350d95d71,1,1,2951.0,2951.0,1.0
e94b64dc6979b302a5a5be1662c83bb6,2,2,306.89,153.445,1.0
e9511df20ccd82658a30c37b7fb343af,30,22,2096.6,95.3,1.3636363636363635
e96498ed8daaa3e9c23f7a62da76591c,34,34,9619.09,282.9144117647059,1.0
e9729944ba65dc3ce425e0c5a22ae7b2,4,4,916.7,229.175,1.0
e9779976487b77c6d4ac45f75ec7afe9,750,657,43162.95,65.69703196347031,1.1415525114155252
e9874ae10b2d60d43917b6bbfa13a599,1,1,199.0,199.0,1.0
e99e927c81e3f51739c94fcdfca9f10f,25,22,2702.83,122.8559090909091,1.1363636363636365
e9b6c33b71b67737693b4cfa68341c8d,1,1,119.9,119.9,1.0
e9bc59e7b60fc3063eb2290deda4cced,269,216,34343.06,158.99564814814815,1.2453703703703705
e9c2dc0dd4ac38448289be644ac94f42,3,3,118.39,39.46333333333333,1.0
e9c6969d40e6a3d2d0f90013165c2b98,10,10,5239.98,523.9979999999999,1.0
e9d99831abad74458942f21e16f33f92,149,130,4922.4800000000005,37.86523076923077,1.146153846153846
e9e446d01bd10a97a8ffcfc4a3a20cb2,4,4,60.05,15.0125,1.0
ea00f977a203ff88adf7057cb7806998,19,19,389.71999999999997,20.51157894736842,1.0
ea1776927851da2532aa70d6a32c095a,3,3,318.8,106.26666666666667,1.0
ea3ebea5317b0efbc663ecc8ce5e9bc2,3,3,299.70000000000005,99.90000000000002,1.0
ea4e9ce63a2134743b4a92777437fcdd,4,3,316.6,105.53333333333335,1.3333333333333333
ea566164622c6b439516ab18062c42cd,52,50,10309.42,206.1884,1.04
ea65d8b58316a6f2362f2a9e4b3e86ad,16,9,2061.4,229.04444444444445,1.7777777777777777
ea67327e24487bdfac5fbfa37ea124df,34,32,6250.18,195.318125,1.0625
ea6b12bf9ffe2bac34602ec631d97a47,11,11,2625.7999999999997,238.7090909090909,1.0
ea846a0e7ad98a741783e886d89dfa44,3,2,137.0,68.5,1.5
ea8482cd71df3c1969d7b9473ff13abc,1203,1146,37177.52,32.44111692844677,1.049738219895288
eaaa46e98c9e61f6764dd1d7a2ab8b3e,1,1,98.0,98.0,1.0
ead2bab70821ea148476ae9bc08548ac,9,9,412.1,45.78888888888889,1.0
eae9af4811c294c56795d70e715b7337,1,1,15.9,15.9,1.0
eaf6d55068dea77334e8477d3878d89e,3,3,51.0,17.0,1.0
eb1bf309f4f6af9a97e9ddac3fdbeabe,1,1,22.3,22.3,1.0
eb3071b9f0b0ddaa2df5ea130f09f26b,11,9,6230.0,692.2222222222222,1.2222222222222223
eb4a59a06b3948e851a7d7a830bcbc42,2,2,64.0,32.0,1.0
eb4df17aed01d918c65f0f8d650900c0,11,11,3739.87,339.98818181818183,1.0
eb5b6204dde3a6e03b5f1bb8479f055b,21,19,452.2,23.8,1.105263157894737
eb72802c83dc7547529c9546d1a9b8ef,8,8,1063.92,132.99,1.0
eb9267cccc90f1b49c8d2f9887c7dd97,1,1,319.9,319.9,1.0
eb9cd5b35d95206585e2185318cb5c61,3,2,550.0,275.0,1.5
eba88037e1dca898cd02881f67ced679,6,6,838.1,139.68333333333334,1.0
ebd1417732defaf66c50b5a800eb293e,1,1,309.0,309.0,1.0
ebd2d60905fb58271facef5596b620d3,88,84,7941.72,94.54428571428572,1.0476190476190477
ebe3dabc4955c9b0d695e7bda38bf5c3,1,1,55.0,55.0,1.0
ebef8d8c92b4fd3226e5d407bbff21ac,3,3,253.70000000000002,84.56666666666668,1.0
ec21206b7894c503788a684a7bc822a6,3,3,247.8,82.60000000000001,1.0
ec2e006556300a79a5a91e4876ab3a56,8,4,125.2,31.3,2.0
ec4608a1f76453166bb312b2968aeaf4,35,18,1181.75,65.65277777777777,1.9444444444444444
ec5c1d94df153d473b37f880977ae58e,3,2,199.67000000000002,99.83500000000001,1.5
ec80e49e69745ab6c14f984bf2149423,12,12,3709.0,309.0833333333333,1.0
ec8463980a4e0ea9f8517aea1ed0c419,8,2,239.2,119.6,4.0
ec8879960bd2221d5c32f8e12f7da711,36,36,4062.4,112.84444444444445,1.0
ec933281fb017b5020d06df29c3f77e8,8,8,1432.0,179.0,1.0
ecccfa2bb93b34a3bf033cc5d1dcdc69,19,15,1338.64,89.24266666666668,1.2666666666666666
ececbfcff9804a2d6b40f589df8eef2b,104,98,6792.4,69.31020408163265,1.0612244897959184
ed4311e67debd72b8610a5347a743087,26,25,3636.0,145.44,1.04
ed46f1eb4a638113deb2a1137b5f22e9,4,4,3470.0,867.5,1.0
ed49da7cadefc454d6a67de249eab240,2,2,43.0,21.5,1.0
ed4acab38528488b65a9a9c603ff024a,40,32,12759.45,398.7328125,1.25
ed859002ad59dbf8cf3602696a6c3000,13,7,2421.7,345.95714285714286,1.8571428571428572
ed8cb7b190ceb6067227478e48cf8dde,17,15,573.5,38.233333333333334,1.1333333333333333
ed9eef5be0992d413d251fadba1a410d,9,3,404.09999999999997,134.7,3.0
edb1ef5e36e0c8cd84eb3c9b003e486d,175,166,79284.55,477.6177710843374,1.0542168674698795
edb58a1390adf273840030a3d6253829,1,1,39.9,39.9,1.0
edb65fe661681b1c0de8bd47c8655855,1,1,69.0,69.0,1.0
edc518ba25576a0188a0e8f2c3af186f,8,6,1647.3899999999999,274.565,1.3333333333333333
edd066cd02126d7800f9b66e980e9931,6,6,987.6999999999999,164.61666666666665,1.0
eddd1991bd6d9309995a480c39b95137,3,3,866.0,288.6666666666667,1.0
ede0c03645598cdfc63ca8237acbe73d,50,46,2518.37,54.747173913043476,1.0869565217391304
ede2977fbaf3738583170735ca403f6c,1,1,289.9,289.9,1.0
edf3fabebcc20f7463cc9c53da932ea8,1,1,219.9,219.9,1.0
edf96ef93ed595084bbcbd9224bd2894,28,25,3757.0,150.28,1.12
ee27a8f15b1dded4d213a468ba4eb391,1,1,6499.0,6499.0,1.0
ee2fbacc2fc3794e656cc4d933d59ce7,3,2,464.97,232.485,1.5
eeb6de78f79159600292e314a77cbd18,84,83,43739.84,526.9860240963854,1.0120481927710843
eebb3372362aa9a46975164bed19a7e7,8,7,591.92,84.55999999999999,1.1428571428571428
eec3469d83e142f9a104886655338c37,4,4,185.7,46.425,1.0
eed78ac17f7f795a19a709745f00cd4e,56,22,4349.5,197.70454545454547,2.5454545454545454
ef0ace09169ac090589d85746e3e036f,140,129,16223.300000000001,125.76201550387597,1.0852713178294573
ef2fbc2b607d8492bcffe657a4645434,22,20,970.8,48.54,1.1
ef30892870c278497523264be1be2241,9,9,783.2,87.02222222222223,1.0
ef506c96320abeedfb894c34db06f478,340,324,9771.43,30.158734567901234,1.0493827160493827
ef728fa1f17436c91ed1ccd03dcf9631,4,3,128.7,42.9,1.3333333333333333
ef990a83bbea832f36ebe81376335aa8,44,43,4642.59,107.96720930232559,1.0232558139534884
ef9952469137ff190bacafe117f51537,5,5,1002.66,200.53199999999998,1.0
efb628aa07c8ca93d7db0d85b91a4f5a,1,1,204.0,204.0,1.0
efcd8d2104f1a05d028af7bad20d974b,51,47,2424.78,51.59106382978724,1.0851063829787233
efff9341f3f8f5237b44ff67ed36a7bf,5,5,872.99,174.598,1.0
f00e21b1e91a79653163b7fd8f293ff1,31,31,3900.09,125.80935483870968,1.0
f00f5b35d0abcacbdd863672f4bb2c1a,1,1,299.0,299.0,1.0
f021c962aaba8ef6eb527a9c2c8394d1,5,5,4398.5,879.7,1.0
f049a72cf58fd31b11f8919cade515e7,4,3,138.75,46.25,1.3333333333333333
f0563bacf40c311f1c4d3d6b67b8a7a7,1,1,1199.0,1199.0,1.0
f0837c8d71434931d9e38e7b79234797,23,22,3446.9,156.67727272727274,1.0454545454545454
f08a5b9dd6767129688d001acafc21e5,18,11,14069.630000000001,1279.057272727273,1.6363636363636365
f08c008c8a8d31417763738a1788a2a8,23,22,1291.72,58.71454545454546,1.0454545454545454
f09b760d23495ac9a7e00d29b769007c,1,1,21.9,21.9,1.0
f09e26011d833ddab11593c1a097a92a,1,1,79.9,79.9,1.0
f0b47fbbc6dee9aafe415a6e33051b3f,86,68,3795.91,55.82220588235294,1.2647058823529411
f0e103c63864d5405b958d984b6e94c9,11,11,951.7,86.51818181818182,1.0
f0ec6a2adb05c62655a26dd347b8dede,2,1,72.0,72.0,2.0
f0ec78809fe0bc3edb11c9fe5b97b059,2,2,62.599999999999994,31.299999999999997,1.0
f114dca2828bf718548db175ebe2cfcd,1,1,139.0,139.0,1.0
f1198c871e0171278b63f40d112caeec,2,2,475.8,237.9,1.0
f125f3a310c2e5f822d116147de1e474,22,16,2761.4,172.5875,1.375
f12d3c2a14729ae461b920c11fe20fdc,11,9,364.45,40.49444444444444,1.2222222222222223
f12ff17ad8bbf01ec5c33b17e506649b,29,29,6241.0,215.20689655172413,1.0
f18112da765e0971ca5d510dec322bdd,2,2,327.8,163.9,1.0
f181738b150df1f37cb0bd72e705b193,37,36,5529.7,153.60277777777776,1.0277777777777777
f19516b9ff26bfeb091b30108db4ddbd,5,5,727.6,145.52,1.0
f1b854361f4e15d5851b494df66f22b2,4,3,1168.8,389.59999999999997,1.3333333333333333
f1b93673502375d491780bb49d615dbc,10,8,2638.9300000000003,329.86625000000004,1.25
f1c1ac3f3efc07e659c035008e615e66,14,4,2561.96,640.49,3.5
f1ce5fdecd64935c28b9ff932751d0dc,2,2,158.0,79.0,1.0
f1ed6bd0a9b11b581f16c851c6a5a527,18,17,1622.77,95.45705882352941,1.0588235294117647
f1fd5ab1181f827ffad998c1a5de7d74,15,15,7045.99,469.73266666666666,1.0
f1fdf2d13186575751aa25876536d85c,1,1,26.3,26.3,1.0
f205b1a3ca9a34e0f8a228bae6e4c7b3,8,8,1088.0,136.0,1.0
f214d28e8d8e3ef068748498ccc2f813,59,54,2212.41,40.970555555555556,1.0925925925925926
f22a247b79dd22ecd91dc8e3b2a1b07c,8,8,439.94,54.9925,1.0
f2336e113377dd21c744d9c4fc8293a9,4,4,3563.0,890.75,1.0
f235413f677777a0738ff215d0184901,3,3,1696.7,565.5666666666667,1.0
f25e239052084705e17a982bc600ab2a,8,8,7380.0,922.5,1.0
f262cbc1c910c83959f849465454ddd3,207,192,10482.83,54.598072916666666,1.078125
f266295f49a28eee21f413e0cbb0521d,2,2,149.8,74.9,1.0
f26d70155c2b6326fcfa1780c8c684e4,1,1,202.89,202.89,1.0
f27e33c6d29b5138fa9967bcd445b6d5,98,93,8888.3,95.57311827956988,1.053763440860215
f3041c2e75ec683697a6a5ea82192210,1,1,145.0,145.0,1.0
f3055483058c84d75ca2a3314fb4deef,1,1,67.5,67.5,1.0
f307937c1bb287c3efc2a514b94b0d1d,1,1,189.99,189.99,1.0
f326006815956455b2859abd58fe7e39,30,9,3147.16,349.6844444444444,3.3333333333333335
f3295428338a40977a03f555246a70f4,7,7,644.98,92.14,1.0
f3511c85f59f8dec53d140501ee8e7a8,1,1,69.9,69.9,1.0
f356c348fbc8df6a882823e21f5ce8b7,2,2,195.18,97.59,1.0
f35b3c613c4f7b2275f4185d0a3c59ec,9,9,4047.25,449.69444444444446,1.0
f35becee938e982bd615edf8ef12bcfb,6,6,148.59,24.765,1.0
f3862c2188522d89860c38a3ea8b550d,1,1,15.5,15.5,1.0
f3975e8a41157005d4bcbb358678cd9b,2,2,178.8,89.4,1.0
f3b80352b986ab4d1057a4b724be19d0,92,87,10505.1,120.74827586206897,1.0574712643678161
f3c38ab652836d21de61fb8314b69182,15,15,1581.0,105.4,1.0
f3da5b2ff499efb8d4a6d371d175d7dd,84,79,3702.29,46.864430379746835,1.0632911392405062
f410c8873029fcc3809b9df6d0b28914,2,2,289.8,144.9,1.0
f419677537694f0462a91990df6ca44f,6,6,220.5,36.75,1.0
f41ce2e25237f9092cd8e6e7516c7a2f,28,27,2030.9,75.21851851851852,1.037037037037037
f435898e493ba0356019a0b1cb8b55b1,12,10,649.76,64.976,1.2
f43827dd686be3a4a80e00aa299990fb,2,1,95.54,95.54,2.0
f44b6f775a2b390380e0e30b5c9d3eee,10,10,2930.0,293.0,1.0
f44bdc12aa39f5271f0b95f66cd4c289,7,5,357.5,71.5,1.4
f45122a9ab94eb4f3f8953578bc0c560,200,187,22078.29,118.0657219251337,1.0695187165775402
f457c46070d02cadd8a68551231220dd,234,199,19093.0,95.94472361809045,1.1758793969849246
f46490624488d3ff7ce78613913a7711,91,83,5802.85,69.91385542168675,1.0963855421686748
f4a04f7be452aa3bb31760bf00055dd0,18,18,1312.1,72.89444444444445,1.0
f4aba7c0bca51484c30ab7bdc34bcdd1,117,110,3009.79,27.361727272727272,1.0636363636363637
f4c4daa86e30c7e5a553a8d518ac03a5,20,20,6301.91,315.0955,1.0
f4ce8ca9fa7157e3b33f536ac9a4487d,4,4,409.6,102.4,1.0
f4db9b37944bcb8873e6b456ee190bbf,22,21,3409.78,162.3704761904762,1.0476190476190477
f524ad65d7e0f1daab730ef2d2e86196,2,1,578.0,578.0,2.0
f52c2422904463fdd7741f99045fecb6,13,12,567.79,47.31583333333333,1.0833333333333333
f5403d3f50089112c4eed37928b7f622,2,2,190.8,95.4,1.0
f543ba3c973276f519d89d59bd46cead,2,2,258.0,129.0,1.0
f593898ec748b7a8cb81fc04edafd98a,23,20,2813.04,140.652,1.15
f5a590cf36251cf1162ea35bef76fe84,122,117,53201.78,454.7160683760684,1.0427350427350428
f5b44895715ddfe3087dc414f30268f3,19,19,378.8,19.936842105263157,1.0
f5b84683a9bf9e1df748cf40f601b39c,1,1,83.9,83.9,1.0
f5f1f2c5f923f36ad79ea1d07185ddc9,13,12,1912.15,159.34583333333333,1.0833333333333333
f5f2ab9bdb6b30c14c61be68c5ed37da,18,18,2134.6800000000003,118.59333333333335,1.0
f5f46307a4d15880ca14fab4ad9dfc9b,10,9,1422.94,158.10444444444445,1.1111111111111112
f5fea3ffed6c2e889bab72705557c63a,3,3,1059.9,353.3,1.0
f6122bc84774df1b372bdb3bb88ddb9f,3,3,4799.87,1599.9566666666667,1.0
f615fe7efbef0f4f08fd3086bc7a3e60,24,23,2359.27,102.57695652173913,1.0434782608695652
f61c63d13f7cd800549d5acdd390ae72,26,26,3072.3,118.16538461538462,1.0
f626e15b7314c267e4429010866f70e9,7,5,193.54999999999998,38.709999999999994,1.4
f62d7bb4a613ec758a03342d46b580b2,32,32,24665.0,770.78125,1.0
f63d8f293af3a6454377546bd9dd19ff,28,17,1751.82,103.04823529411765,1.6470588235294117
f650a9708fa1bab22bdd8d3a818cc415,5,5,507.75,101.55,1.0
f664f98bfda2eaf266a23ff144e7a872,2,2,153.99,76.995,1.0
f67efa3f0b6761102a7f8c6b7b571f5d,32,31,5188.68,167.37677419354839,1.032258064516129
f680f85bee2d253556ac91be391d2c82,54,45,5183.92,115.19822222222223,1.2
f682e0f848abafc6f41e0d4e868c66ef,2,2,269.98,134.99,1.0
f7315bb81aea4ddca2d39e249a801c98,2,2,379.8,189.9,1.0
f7496d659ca9fdaf323c0aae84176632,27,26,5087.57,195.67576923076922,1.0384615384615385
f76a3b1349b6df1ee875d1f3fa4340f0,24,24,4160.79,173.36625,1.0
f7720c4fa8e3aba4546301ab80ea1f1b,78,60,2083.45,34.72416666666666,1.3
f783a638e9c6af4a7d0dbfde811e7a81,5,5,849.8,169.95999999999998,1.0
f789d2c4f2c2eb38fc4373e7a4b35264,49,44,4864.24,110.55090909090909,1.1136363636363635
f7ba60f8c3f99e7ee4042fdef03b70c4,230,219,68395.0,312.30593607305934,1.0502283105022832
f7c31656c19db6275a8acadca289f426,1,1,61.56,61.56,1.0
f7ccf836d21b2fb1de37564105216cc1,74,70,2787.4,39.82,1.0571428571428572
f7df46c1e0ec44eed5c6726478da4a17,3,3,429.70000000000005,143.23333333333335,1.0
f805b96fa705ba7995a221f1749dc141,7,7,2744.44,392.0628571428571,1.0
f80edd2c5aaa505cc4b0a3b219abf4b8,128,119,9108.2,76.53949579831934,1.0756302521008403
f8201cab383e484733266d1906e2fdfa,10,10,889.0,88.9,1.0
f84a00e60c73a49e7e851c9bdca3a5bb,99,90,5949.9400000000005,66.11044444444445,1.1
f84fa566034f5e8e880a07ec624c56af,102,91,5093.79,55.97571428571428,1.120879120879121
f88adb15807168d3c43d71021090ce4a,3,3,488.8,162.93333333333334,1.0
f8d5c7085db9a4ad2b8c1ffbeb2798c8,6,6,263.0,43.833333333333336,1.0
f8db351d8c4c4c22c6835c19a46f01b0,724,667,50525.6,75.75052473763118,1.0854572713643178
f8e2c1b59cd4225a3e4fd0d013a76b93,3,2,219.8,109.9,1.5
f8f35af4634605e6693c17cc3ffff5a8,1,1,90.0,90.0,1.0
f90f77ef2799a27f80d90c425ca944f7,1,1,70.0,70.0,1.0
f918546be4bec7104d117789ba758b2b,23,20,1483.0,74.15,1.15
f9244d45189d3a3605499abddeade7d5,21,21,15731.43,749.1157142857143,1.0
f92d8c817434bd2d84d4e9c61322b7fa,5,5,174.84,34.968,1.0
f97e2b0650c2068227e1d366140eb62f,21,16,3654.0,228.375,1.3125
f9903dd0f812c7e771fcad47b6fff231,15,10,1684.8500000000001,168.485,1.5
f9a02f1922d1de564392e656d82b3fda,1,1,125.9,125.9,1.0
f9bbdd976532d50b7816d285a22bd01e,2,2,268.0,134.0,1.0
f9d010e39375d9c91dce3f40b73a2f84,5,4,1212.0,303.0,1.25
f9ec7093df3a7b346b7bcf7864069ca3,9,9,519.2,57.6888888888889,1.0
f9eda05b67bef472deaddbba84aca289,1,1,185.0,185.0,1.0
f9eedec3129e8cc6b6429c42d0808c5b,2,2,789.8,394.9,1.0
f9f68daa2af419d38f745478bcb3da1a,2,2,22.4,11.2,1.0
fa14641f57b655e933124a9ea49cd7a5,7,7,359.92999999999995,51.41857142857142,1.0
fa18c782a4866d313cadab567097f8f1,1,1,58.99,58.99,1.0
fa1a9dec3a9940c072684a46728bf1fc,60,55,6674.0,121.34545454545454,1.0909090909090908
fa1c13f2614d7b5c4749cbc52fecda94,586,585,194042.03,331.6957777777778,1.0017094017094017
fa3a0b5aabb344b9a92e3524b0202123,7,7,1789.0,255.57142857142858,1.0
fa40cc5b934574b62717c68f3d678b6d,340,307,16055.87,52.29925081433225,1.1074918566775245
fa5fdc4e4bb6bd1009ad0e4ac4096562,1,1,161.99,161.99,1.0
fa74b2f3287d296e9fbd2cc80f2d1cf1,11,11,2459.89,223.62636363636364,1.0
fa7ad8ae9bcb2c4493fdf38e96b1d74f,2,1,88.0,88.0,2.0
fa8d335d68129e464e60c1826a683e96,1,1,139.9,139.9,1.0
fac1a9017ade7bdc94058fc1c969f355,10,9,2010.84,223.42666666666665,1.1111111111111112
fac35d150712afb921ec59ac5f39bb11,6,5,696.0,139.2,1.2
fad44952713764836814be105382aee5,32,32,5129.0,160.28125,1.0
fadb07c842a2aef5d5a676b85f220e71,7,7,398.75,56.964285714285715,1.0
fb3cfbc8a86f5d7fbb4d36b8df63f60d,15,10,1007.3000000000001,100.73,1.5
fb503a924a0b9db19d83dd0ac6dbef8c,1,1,13.9,13.9,1.0
fb8904a8ea99f8831b64ce27db2c1765,2,2,278.0,139.0,1.0
fb89df7f89fd1b8f03fa2acca1ba7364,25,22,2220.0,100.9090909090909,1.1363636363636365
fbc14c0cf93505ef89f64665ffa4a7b5,18,18,12227.82,679.3233333333333,1.0
fc0b214b59a83615fea981c6424a02ae,1,1,159.9,159.9,1.0
fc38b5dceee1a730fad8853453437fbd,5,5,119.2,23.84,1.0
fc4751cfe3b279c419615b9b00c1abb4,1,1,453.7,453.7,1.0
fc59392d66ef99377e50356ee4f3b4e1,5,5,519.99,103.998,1.0
fc5a0d7a310a7a41abf86a458585ff2b,2,2,162.8,81.4,1.0
fc6295add6f51a0936407ead70c1001d,4,1,160.0,160.0,4.0
fc906263ca5083d09dce42fe02247800,119,114,4497.7,39.453508771929826,1.043859649122807
fc908879b9ca1bd65419e54e50432d38,4,4,119.19999999999999,29.799999999999997,1.0
fc99f99385ae90f66f01733856fb88c9,1,1,89.9,89.9,1.0
fcb5ace8bcc92f75707dc0f01a27d269,73,62,8318.63,134.1714516129032,1.1774193548387097
fcba71d4d5db057f43249145e4eb1e27,3,3,494.55,164.85,1.0
fcdd820084f17e9982427971e4e9d47f,27,16,4783.99,298.999375,1.6875
fce62094ffe6a4009188ec44e681dfdd,11,4,2969.7,742.425,2.75
fcf16b7a8697e559f0123190bb30177d,7,3,1052.8,350.93333333333334,2.3333333333333335
fd312b6bf05efac6c3772d5b52205d8a,4,2,118.69999999999999,59.349999999999994,2.0
fd386aa7bed2af3c7035c65506c9b4a3,76,69,2304.15,33.393478260869564,1.1014492753623188
fd435faa3c0422b60440ea3480d0e77c,1,1,749.0,749.0,1.0
fdaaf5bfda82b7b80535610c831b8d09,15,10,2588.9,258.89,1.5
fdb9095204a334cd8872252ffec6f2db,61,46,8156.0,177.30434782608697,1.326086956521739
fde0cc9ea29c8ccfc0a2c22256a58c71,35,35,3922.0,112.05714285714286,1.0
fdf736c18c589ed030e058312203e1b2,1,1,30.0,30.0,1.0
fe19dce63ae80346207c6c55713d1023,1,1,49.9,49.9,1.0
fe1b067411b8c5066e962aa146ccee03,8,8,847.78,105.9725,1.0
fe1bbc5feda5c8979a8a1b3b2512d5a6,10,9,724.72,80.52444444444444,1.1111111111111112
fe2032dab1a61af8794248c8196565c9,306,294,65959.61,224.35241496598638,1.0408163265306123
fe26f3ecb51a15e6d8335cd92da42562,7,7,2708.96,386.9942857142857,1.0
fe49ee029e61e789a1f3a5525f57ba8d,17,17,2527.5899999999997,148.68176470588233,1.0
fe4cd9461203cee790d36792420b310f,3,3,391.15,130.38333333333333,1.0
fe701d88b67eaca109dffd464d1be9f9,11,11,1548.9,140.8090909090909,1.0
fe8055980a4ff7f64ed889c2b5926929,3,3,196.70000000000002,65.56666666666668,1.0
fe87f472055fbcf1d7e691c00b1560dc,6,6,1085.8,180.96666666666667,1.0
fe9d9cf8631285d5982c6e2cf27fb114,1,1,69.9,69.9,1.0
feb793c88d836c3a75efa4b5a3465d70,1,1,466.0,466.0,1.0
febab0275244b9a49a623f0bd613ca2f,129,109,7272.42,66.7194495412844,1.18348623853211
fec6275253471ace26d209bbaa64cd0f,10,9,2840.0,315.55555555555554,1.1111111111111112
fec6912baad85d41729669edd6b4d3b8,1,1,210.0,210.0,1.0
fec8cd45395b3cb0c2b173d7739706a1,4,4,1280.0,320.0,1.0
fedaedd3ca31d56ab33e92035e4b361c,1,1,39.9,39.9,1.0
fedf2c1386e137f296b3bbf3b635e69d,5,2,131.74,65.87,2.5
ff063b022a9a0aab91bad2c9088760b7,96,94,12076.5,128.47340425531914,1.0212765957446808
ff1e15b778c700abdd4d239b81ac466d,7,7,414.3,59.18571428571429,1.0
ff1fb4c404b2efe68b03350a8dc24122,49,46,6771.0,147.19565217391303,1.065217391304348
ff314fa6033cc68ec451c47aee2d6ba4,2,2,537.9,268.95,1.0
ff4e2d38692ce827b1a4f4b8196e680d,11,11,518.9,47.17272727272727,1.0
ff4ea69c2a729e83e63c7579e4ef8170,9,9,7017.0,779.6666666666666,1.0
ff69aa92bb6b1bf9b8b7a51c2ed9cf8b,20,20,21940.8,1097.04,1.0
ff82e8873fba613f2261a9acc896fd84,4,4,124.6,31.15,1.0
ffa6adafb71b807dc13159e26431354c,18,18,2669.9,148.32777777777778,1.0
ffad1e7127fb622cb64a900751590acd,15,10,884.3,88.42999999999999,1.5
ffc470761de7d0232558ba5e786e57b7,31,28,1649.01,58.893214285714286,1.1071428571428572
ffcfefa19b08742c5d315f2791395ee5,1,1,69.9,69.9,1.0
ffdd9f82b9a447f6f8d4b91554cc7dd3,20,18,2101.2,116.73333333333332,1.1111111111111112
ffeee66ac5d5a62fe688b9d26f83f534,14,14,1839.8600000000001,131.41857142857143,1.0
fffd5413c0700ac820c7069d66d98c89,61,60,9062.3,151.03833333333333,1.0166666666666666
ffff564a4f9085cd26170f4732393726,20,20,1426.3,71.315,1.0
